"Max_Temperature_F","Mean_Temperature_F","Min_TemperatureF","Max_Dew_Point_F","MeanDew_Point_F","Min_Dewpoint_F","Max_Humidity","Mean_Humidity","Min_Humidity","Max_Sea_Level_Pressure_In","Mean_Sea_Level_Pressure_In","Min_Sea_Level_Pressure_In","Max_Visibility_Miles","Mean_Visibility_Miles","Min_Visibility_Miles","Max_Wind_Speed_MPH","Mean_Wind_Speed_MPH","Max_Gust_Speed_MPH","Precipitation_In","Events","temp_range","date","day_number","total_trips","total_durations","avg_durations"
71,62,54,55,51,46,87,68,46,30.03,29.79,29.65,10,10,4,13,4,"21",0,"Rain",17,2014-10-13,1,409,427112.699,1044.28532762836
63,59,55,52,51,50,88,78,63,29.84,29.75,29.54,10,9,3,10,5,"17",0.11,"Rain",8,2014-10-14,2,491,550986.71,1122.17252545825
62,58,54,53,50,46,87,77,67,29.98,29.71,29.51,10,9,3,18,7,"25",0.45,"Rain",8,2014-10-15,3,313,240191.37,767.384568690096
71,61,52,49,46,42,83,61,36,30.03,29.95,29.81,10,10,10,9,4,"-",0,"Rain",19,2014-10-16,4,395,400303.606,1013.42685063291
64,60,57,55,51,41,87,72,46,29.83,29.78,29.73,10,10,6,8,3,"-",0.14,"Rain",7,2014-10-17,5,294,268866.435,914.511683673469
68,64,59,59,57,55,90,83,68,29.96,29.9,29.8,10,8,2,10,4,"-",0.31,"Rain",9,2014-10-18,6,399,586415.902,1469.71404010025
73,64,55,57,55,53,94,74,52,29.8,29.73,29.67,10,10,6,10,3,"18",0,NA,18,2014-10-19,7,666,1232767.85,1851.00277777778
66,60,55,57,54,50,90,78,67,29.8,29.74,29.69,10,10,5,12,5,"-",0.44,"Rain",11,2014-10-20,8,389,371810.275,955.810475578406
64,58,55,52,49,46,87,70,58,29.93,29.85,29.74,10,10,6,15,8,"21",0.1,"Rain",9,2014-10-21,9,357,319490.173,894.930456582634
60,58,57,55,53,48,88,81,67,29.73,29.68,29.56,10,6,2,14,8,"22",1.43,"Rain",3,2014-10-22,10,141,114962.001,815.333340425532
62,55,50,49,47,44,86,76,62,30.01,29.83,29.71,10,10,10,15,9,"22",0.35,"Rain",12,2014-10-23,11,338,309481.42,915.62550295858
60,56,51,50,47,44,86,75,60,30.05,29.96,29.74,10,10,8,8,4,"-",0.13,"Rain",9,2014-10-24,12,430,432976.225,1006.92145348837
64,58,52,53,49,44,87,78,58,29.74,29.48,29.26,10,10,6,24,6,"41",0.37,"Rain",12,2014-10-25,13,216,239454.791,1108.58699537037
59,52,48,48,44,42,86,71,62,30.15,29.98,29.76,10,10,10,20,12,"30",0.05,"Rain",11,2014-10-26,14,252,311117.662,1234.5938968254
62,54,45,46,43,41,87,72,48,30.17,30.09,29.98,10,10,10,7,4,"-",0.01,"Rain",17,2014-10-27,15,367,328007.677,893.753888283379
62,56,51,54,50,45,88,80,72,29.96,29.88,29.84,10,8,2,14,5,"-",0.34,"Rain",11,2014-10-28,16,235,225896.798,961.262970212766
64,59,54,54,51,50,88,76,60,30.14,30.06,29.94,10,10,9,15,7,"24",0.04,"Rain",10,2014-10-29,17,440,351616.022,799.127322727272
62,58,55,55,53,50,88,82,75,30.01,29.83,29.74,10,9,2,8,2,"-",0.67,"Rain",7,2014-10-30,18,227,147659.411,650.481986784141
59,54,52,52,49,46,89,83,67,29.88,29.79,29.69,10,8,2,8,4,"-",0.77,"Rain",7,2014-10-31,19,226,158806.699,702.684508849558
55,52,48,48,45,42,89,78,62,30.05,29.92,29.84,10,10,7,6,1,"-",0,NA,7,2014-11-01,20,438,596491.073,1361.85176484018
57,51,45,52,47,42,90,82,62,30.15,30.1,30.06,10,9,4,9,5,"-",0.11,"Rain",12,2014-11-02,21,331,459537.751000001,1388.33157401813
60,58,55,53,51,48,84,80,75,30.12,30.08,30.01,10,9,3,13,8,"20",0.24,"Rain",5,2014-11-03,22,237,151089.508,637.50847257384
61,58,55,54,51,48,90,79,67,30.29,30.14,29.99,10,9,3,10,6,"-",0.05,"Rain",6,2014-11-04,23,385,256909.719,667.297971428571
61,57,53,55,51,48,90,79,64,30.28,30.15,29.96,10,10,3,7,2,"-",0.27,"Rain",8,2014-11-05,24,296,203843.547,688.660631756757
64,60,54,55,50,45,90,75,58,30.3,29.99,29.8,10,10,4,20,8,"37",0.22,"Rain",10,2014-11-06,25,256,211829.677,827.45967578125
59,52,45,45,43,40,86,72,53,30.48,30.41,30.31,10,10,10,7,3,"-",0,NA,14,2014-11-07,26,345,319537.119,926.194547826087
55,48,42,44,42,39,93,78,60,30.38,30.25,30.06,10,8,2,7,1,"-",0,NA,13,2014-11-08,27,529,852538.627,1611.60420982987
57,52,48,50,46,43,87,80,72,30.06,29.93,29.82,10,9,3,12,6,"16",0.29,"Rain",9,2014-11-09,28,237,322736.532,1361.75751898734
54,48,43,43,40,34,86,71,54,30.2,30.17,30.07,10,10,10,8,2,"-",0,NA,11,2014-11-10,29,392,477813.368,1218.91165306122
48,42,36,39,18,3,80,42,20,30.37,30.28,30.18,10,10,10,15,5,"22",0,NA,12,2014-11-11,30,270,229688.541,850.6983
46,39,32,10,4,1,40,24,16,30.37,30.25,30.11,10,10,10,13,8,"22",0,NA,14,2014-11-12,31,296,243179.748,821.553202702703
48,40,30,19,9,2,64,30,18,30.1,30.01,29.97,10,10,10,12,4,"22",0,NA,18,2014-11-13,32,318,344246.118,1082.53496226415
48,38,28,26,18,11,69,48,23,30.31,30.15,30.03,10,10,10,8,2,"-",0,NA,20,2014-11-14,33,267,254762.983,954.168475655431
48,38,27,25,18,10,75,51,21,30.54,30.46,30.32,10,10,10,7,1,"-",0,NA,21,2014-11-15,34,245,349668.306,1427.2175755102
50,39,28,27,21,15,69,53,25,30.52,30.45,30.37,10,10,10,8,1,"-",0,NA,22,2014-11-16,35,189,184546.253,976.435201058202
52,41,30,29,25,22,75,60,34,30.4,30.31,30.19,10,10,9,8,1,"-",0,NA,22,2014-11-17,36,279,240800.411,863.083910394265
48,39,30,36,31,25,86,75,54,30.18,30.13,30.09,10,8,5,6,1,"-",0,NA,18,2014-11-18,37,293,215648.09,736.000307167236
52,44,36,37,34,30,86,66,48,30.08,29.93,29.83,10,9,5,9,2,"-",0,"Rain",16,2014-11-19,38,341,359357.89,1053.83545454546
54,49,44,46,43,39,87,80,71,29.99,29.96,29.91,10,10,7,8,4,"-",0.11,"Rain",10,2014-11-20,39,234,164290.054,702.094247863248
55,52,50,48,45,41,87,79,66,29.89,29.58,29.31,10,8,4,18,7,"33",0.67,"Rain",5,2014-11-21,40,159,139368.056,876.52865408805
51,48,45,43,41,39,86,77,66,30.13,29.88,29.55,10,10,10,13,8,"21",0.03,"Rain",6,2014-11-22,41,240,338896.909,1412.07045416667
57,50,44,47,42,39,82,74,57,30.37,30.18,30.08,10,10,5,20,10,"28",0.42,"Rain",13,2014-11-23,42,207,256140.006,1237.39133333333
55,47,39,50,41,35,89,79,66,30.37,30.23,30.08,10,8,2,13,6,"25",0.01,"Rain",16,2014-11-24,43,217,170570.651,786.039866359447
60,56,51,54,50,46,89,83,77,30.23,30.17,30.1,10,6,2,17,6,"29",0.33,"Rain",9,2014-11-25,44,174,173887.688,999.354528735632
61,59,57,53,52,48,81,75,62,30.17,30.04,29.87,10,10,10,20,11,"30",0.01,"Rain",4,2014-11-26,45,290,335937.886,1158.40650344828
62,58,55,51,49,43,81,70,52,29.87,29.81,29.68,10,10,6,18,12,"32",0.04,"Rain",7,2014-11-27,46,122,137430.178,1126.47686885246
57,48,39,51,43,35,87,80,72,29.67,29.54,29.49,10,7,2,15,9,"26",1.39,"Rain",18,2014-11-28,47,62,44754.274,721.843129032259
42,35,27,36,25,10,83,67,37,30.22,29.84,29.54,10,9,2,17,6,"30",0.06,"Rain , Snow",15,2014-11-29,48,63,52538.316,833.941523809524
39,33,27,23,21,18,78,64,47,30.24,30.19,30.12,10,10,10,8,2,"-",0,NA,12,2014-11-30,49,111,87325.527,786.71645945946
41,34,26,25,21,16,75,62,45,30.24,30.17,30.11,10,10,10,9,1,"-",0,NA,15,2014-12-01,50,205,175094.819,854.121068292683
44,35,26,28,26,21,82,68,49,30.24,30.12,29.93,10,10,9,8,3,"-",0,NA,18,2014-12-02,51,221,171336.917,775.280167420814
48,40,33,31,27,24,70,58,44,29.91,29.82,29.76,10,10,8,6,1,"-",0,NA,15,2014-12-03,52,252,156392.768,620.606222222222
48,44,39,43,37,32,87,74,59,29.95,29.86,29.79,10,9,3,7,2,"-",0.05,"Rain",9,2014-12-04,53,227,162581.951,716.22004845815
54,50,46,47,44,42,87,82,71,29.97,29.91,29.75,10,9,3,8,2,"-",0.09,"Rain",8,2014-12-05,54,209,160003.718,765.568028708133
55,52,48,49,46,43,86,82,74,30.24,30.06,29.84,10,9,4,14,7,"21",0.25,"Rain",7,2014-12-06,55,149,146229.162,981.40377181208
55,49,43,46,43,37,93,80,54,30.24,30.12,29.98,10,8,0,5,0,"-",0,"Fog",12,2014-12-07,56,174,229793.588,1320.6528045977
60,55,50,47,44,40,86,70,51,30.05,29.96,29.85,10,10,6,9,3,"-",0.45,"Rain",10,2014-12-08,57,205,168249.345,820.728512195123
63,57,51,54,50,46,83,76,65,29.89,29.81,29.7,10,9,5,17,8,"24",0.42,"Rain",12,2014-12-09,58,236,207653.061,879.885851694915
68,61,54,51,48,42,83,69,43,29.69,29.46,29.25,10,10,5,22,10,"38",0.5,"Rain",14,2014-12-10,59,171,127133.086,743.468339181286
60,55,50,49,43,39,89,69,49,29.57,29.31,29.14,10,10,6,26,8,"46",0.33,"Rain",10,2014-12-11,60,185,142969.754,772.809481081081
55,52,48,45,43,42,83,73,64,30.06,29.83,29.56,10,10,10,18,10,"32",0,NA,7,2014-12-12,61,249,166053.931,666.883257028112
52,46,41,43,41,37,90,82,71,30.24,30.2,30.06,10,8,1,8,3,"-",0.01,NA,11,2014-12-13,62,208,262438.192,1261.72207692308
57,47,37,39,34,23,93,70,27,30.23,30.12,30,10,7,0,15,2,"23",0,"Fog",20,2014-12-14,63,184,447640.042,2432.82631521739
55,48,42,34,28,25,58,41,34,29.99,29.9,29.83,10,10,10,16,6,"22",0,NA,13,2014-12-15,64,238,174692.342,734.00143697479
52,48,44,40,33,27,68,53,38,29.86,29.84,29.82,10,10,10,8,5,"-",0,"Rain",8,2014-12-16,65,246,210218.002,854.544723577235
51,48,44,45,41,35,87,77,68,29.93,29.86,29.81,10,9,5,6,1,"-",0.16,"Rain",7,2014-12-17,66,191,115488.125,604.649869109948
51,48,46,46,43,41,93,83,74,29.95,29.86,29.73,10,8,2,10,4,"18",0.6,"Rain",5,2014-12-18,67,165,94263.978,571.296836363636
54,50,46,46,41,37,86,70,58,29.96,29.9,29.8,10,10,7,12,8,"17",0.13,"Rain",8,2014-12-19,68,300,227381.844,757.93948
57,52,46,52,46,41,87,83,72,29.85,29.58,29.45,10,7,2,17,7,"31",0.6,"Rain",11,2014-12-20,69,78,52240.072,669.744512820513
57,55,53,49,46,44,77,72,62,30.11,29.91,29.54,10,10,10,14,7,"25",0,NA,4,2014-12-21,70,141,172205.043,1221.31236170213
54,48,42,45,40,37,86,72,55,30.38,30.31,30.13,10,10,10,8,1,"-",0,NA,12,2014-12-22,71,259,336564.08,1299.47521235521
53,48,43,52,42,36,96,80,66,30.31,30.17,30.09,10,7,2,14,5,"-",0.61,"Rain",10,2014-12-23,72,127,65972.104,519.465385826771
46,44,41,39,38,37,89,80,71,30.07,29.98,29.91,10,10,7,8,5,"-",0.12,"Rain",5,2014-12-24,73,129,93907.913,727.968317829457
48,42,37,39,37,34,87,79,66,30.31,30.2,30.06,10,10,6,7,3,"-",0,NA,11,2014-12-25,74,149,425658.862,2856.77088590604
44,42,39,37,36,34,87,80,71,30.4,30.36,30.3,10,9,4,8,4,"-",0,NA,5,2014-12-26,75,195,275901.62,1414.8801025641
52,47,42,45,40,36,87,78,69,30.31,30.13,30.03,10,9,5,15,8,"25",0.12,"Rain",10,2014-12-27,76,119,148939.013,1251.58834453781
46,44,41,39,38,35,85,79,71,30.23,30.17,30.09,10,10,8,8,5,"-",0.06,"Rain",5,2014-12-28,77,133,181836.471,1367.1915112782
46,42,35,36,28,21,87,62,40,30.74,30.43,30.18,10,10,10,9,3,"-",0,NA,11,2014-12-29,78,176,121704.066,691.500375
39,34,30,24,17,14,73,51,35,30.86,30.81,30.75,10,10,10,6,1,"-",0,NA,9,2014-12-30,79,174,221024.449,1270.25545402299
41,34,26,25,22,18,78,60,41,30.73,30.58,30.43,10,10,10,7,2,"-",0,NA,15,2014-12-31,80,136,108630.405,798.752977941176
43,35,27,28,25,21,81,70,49,30.42,30.31,30.22,10,10,6,4,0,"-",0,NA,16,2015-01-01,81,164,240395.126,1465.82393902439
44,38,32,39,32,25,86,76,67,30.23,30.16,30.1,10,10,7,12,4,"-",0.03,NA,12,2015-01-02,82,136,90892.795,668.329375
43,38,33,38,35,30,93,84,76,30.3,30.26,30.22,10,7,3,7,2,"-",0,"Rain",10,2015-01-03,83,151,210439.72,1393.64052980132
54,48,41,48,41,37,89,84,77,30.27,30.14,29.98,10,8,3,21,7,"32",0.22,"Rain",13,2015-01-04,84,51,53674.567,1052.44249019608
57,56,54,52,50,48,88,81,74,30.29,30.18,30,10,8,2,20,14,"31",0.07,"Rain",3,2015-01-05,85,180,112452.466,624.735922222222
55,50,46,48,46,43,93,84,74,30.31,30.29,30.26,10,7,0,6,2,"-",0.01,"Fog",9,2015-01-06,86,287,213043.3,742.311149825784
50,47,44,46,43,41,93,85,74,30.32,30.28,30.25,10,5,1,6,2,"-",0,NA,6,2015-01-07,87,315,208418.189,661.645044444444
48,44,39,41,38,36,89,82,71,30.26,30.17,30.12,10,6,0,8,3,"-",0,"Fog",9,2015-01-08,88,333,287916.7,864.614714714714
50,44,39,41,39,37,93,86,68,30.13,30.09,30.02,10,4,0,6,2,"-",0.01,"Fog , Rain",11,2015-01-09,89,298,216417.677,726.233815436241
48,46,44,45,44,41,93,88,83,30.07,30.03,30,10,3,1,7,1,"-",0.18,"Rain",4,2015-01-10,90,133,130685.283,982.596112781955
51,48,46,46,45,42,89,85,80,30.24,30.14,30.07,10,5,0,5,1,"-",0.06,"Fog , Rain",5,2015-01-11,91,101,117176.705,1160.1653960396
53,49,45,43,41,39,90,78,64,30.44,30.35,30.25,10,10,4,10,1,"-",0,"Rain",8,2015-01-12,92,281,173942.444,619.012256227759
48,44,41,41,38,37,87,80,66,30.48,30.43,30.32,10,9,2,10,2,"-",0,NA,7,2015-01-13,93,296,207928.182,702.460074324324
46,42,37,38,34,28,89,77,60,30.31,30.24,30.2,10,7,1,10,3,"-",0,NA,9,2015-01-14,94,280,241404.616,862.159342857143
46,41,36,41,34,27,86,73,63,30.21,30.03,29.79,10,9,3,16,3,"-",0.43,"Rain",10,2015-01-15,95,206,121770.17,591.117330097087
55,50,44,45,40,36,87,71,57,30.24,30.08,29.82,10,10,10,13,8,"22",0,NA,11,2015-01-16,96,309,307662.52,995.671585760518
55,46,39,52,41,35,90,84,73,30.16,29.89,29.6,10,6,3,17,1,"23",0.76,"Rain",16,2015-01-17,97,131,141064.858,1076.83097709924
60,54,48,51,44,42,82,73,67,30.27,30.04,29.64,10,9,3,22,14,"36",0.23,"Rain",12,2015-01-18,98,88,105787.164,1202.12686363636
52,49,46,43,42,40,83,76,66,30.46,30.39,30.27,10,10,7,10,5,"-",0.03,"Rain",6,2015-01-19,99,273,301518.425,1104.46309523809
51,46,39,39,38,34,87,76,59,30.46,30.41,30.35,10,10,9,9,1,"-",0,NA,12,2015-01-20,100,320,234777.723,733.680384375
48,40,33,39,35,29,93,81,66,30.35,30.29,30.23,10,6,0,5,1,"-",0,"Fog",15,2015-01-21,101,300,218289.206,727.630686666666
52,48,45,46,43,38,87,81,76,30.4,30.33,30.27,10,9,5,8,1,"-",0.03,"Rain",7,2015-01-22,102,276,192467.494,697.345992753623
57,54,50,52,49,45,89,84,76,30.4,30.32,30.26,10,8,2,13,6,"21",0.08,"Rain",7,2015-01-23,103,214,179048.66,836.675981308412
62,58,55,55,52,51,87,82,75,30.32,30.26,30.21,10,10,10,10,7,"20",0.02,NA,7,2015-01-24,104,230,277238.062,1205.38287826087
64,57,50,53,49,45,86,77,54,30.22,30.11,29.97,10,10,6,8,3,"-",0.01,NA,14,2015-01-25,105,262,456736.534,1743.26921374046
64,55,46,47,46,42,93,77,52,29.99,29.95,29.91,10,7,0,13,4,"-",0,"Fog",18,2015-01-26,106,316,274255.999,867.898731012658
55,52,50,49,47,45,88,83,80,30.29,30.1,29.98,10,6,2,10,6,"-",0.02,"Rain",5,2015-01-27,107,249,169396.852,680.308642570282
55,50,46,45,42,40,87,76,64,30.4,30.36,30.3,10,10,7,6,2,"-",0,NA,9,2015-01-28,108,336,291758.246,868.328113095239
55,48,42,40,38,36,85,71,57,30.37,30.34,30.3,10,10,10,8,1,"-",0,NA,13,2015-01-29,109,320,240265.157,750.828615625
48,44,39,40,38,35,96,85,71,30.34,30.3,30.25,10,3,0,8,1,"-",0,"Fog",9,2015-01-30,110,306,264231.539,863.501761437908
46,42,39,40,39,37,89,83,76,30.27,30.22,30.11,10,4,0,6,1,"-",0,"Fog",7,2015-01-31,111,224,238872.037,1066.39302232143
51,48,44,45,42,39,87,82,76,30.11,30.06,30.03,10,7,2,10,5,"17",0.04,"Rain",7,2015-02-01,112,126,164645.028,1306.70657142857
55,50,44,48,43,40,87,79,66,30.08,29.94,29.85,10,7,1,20,5,"34",0.3,"Rain",11,2015-02-02,113,182,109515.831,601.735335164835
52,48,44,46,44,42,93,83,74,30.12,30.08,30.02,10,8,0,10,5,"-",0.03,"Fog , Rain",8,2015-02-03,114,242,148537.307,613.790524793388
52,47,42,46,43,39,93,84,74,30.09,29.95,29.74,10,6,0,7,2,"-",0.3,"Fog , Rain",10,2015-02-04,115,212,157512.796,742.984886792453
59,54,48,53,49,44,86,83,78,29.7,29.54,29.39,10,8,3,13,7,"20",0.87,"Rain",11,2015-02-05,116,172,109702.385,637.804563953489
60,56,53,53,50,44,87,78,62,29.47,29.4,29.33,10,8,3,16,10,"23",0.75,"Rain",7,2015-02-06,117,186,137672.593,740.175231182796
57,54,51,51,48,45,89,81,69,29.86,29.56,29.35,10,8,4,17,6,"32",0.82,"Rain",6,2015-02-07,118,122,98708.643,809.087237704918
60,54,48,48,45,43,87,72,53,29.96,29.82,29.63,10,10,7,10,5,"-",0.15,"Rain",12,2015-02-08,119,179,285353.314,1594.15259217877
57,52,48,50,48,45,89,80,67,30.01,29.78,29.58,10,9,4,10,4,"17",0.15,"Rain",9,2015-02-09,120,252,182904.662,725.812150793651
57,52,48,50,46,43,83,73,62,30.31,30.23,30.04,10,10,6,17,9,"22",0.02,"Rain",9,2015-02-10,121,287,200590.506,698.92162369338
57,51,45,48,45,41,87,78,64,30.25,30.2,30.16,10,10,6,5,1,"-",0,NA,12,2015-02-11,122,306,191542.646,625.956359477125
72,62,51,49,47,43,89,70,44,30.27,30.24,30.19,10,10,9,9,4,"-",0.02,"Rain",21,2015-02-12,123,325,238920.077,735.138698461538
61,54,46,50,47,45,99,80,60,30.26,30.18,30.09,10,10,7,6,1,"-",0,"Rain",15,2015-02-13,124,384,348478.121,907.495106770834
60,54,48,50,46,38,90,75,62,30.45,30.36,30.24,10,10,7,8,2,"-",0.05,"Rain",12,2015-02-14,125,387,768150.472999999,1984.88494315245
55,48,42,42,40,36,82,72,60,30.48,30.4,30.32,10,10,10,10,3,"-",0,NA,13,2015-02-15,126,321,805689.651,2509.93660747664
61,53,45,41,37,31,83,63,32,30.34,30.3,30.24,10,10,9,9,4,"-",0,NA,16,2015-02-16,127,249,327766.444,1316.33110040161
60,52,44,37,35,34,74,57,38,30.24,30.17,30.1,10,10,10,8,1,"-",0,NA,16,2015-02-17,128,340,395269.246,1162.55660588235
57,48,39,43,39,34,79,67,55,30.27,30.22,30.14,10,10,10,12,5,"-",0,NA,18,2015-02-18,129,306,235578.153,769.86324509804
54,51,48,48,46,42,87,79,74,30.29,30.26,30.22,10,9,5,6,2,"-",0.03,"Rain",6,2015-02-19,130,244,194866.803,798.634438524591
54,52,50,46,45,41,86,77,66,30.3,30.28,30.26,10,8,3,6,0,"-",0.02,"Rain",4,2015-02-20,131,260,212370.341,816.809003846154
55,50,44,41,38,34,82,67,47,30.45,30.33,30.27,10,10,10,10,3,"20",0,NA,11,2015-02-21,132,381,698712.794,1833.89184776903
54,45,36,38,31,24,93,62,31,30.48,30.43,30.38,10,10,10,6,1,"-",0,NA,18,2015-02-22,133,248,396598.401,1599.18710080645
55,44,33,33,30,26,82,57,33,30.44,30.41,30.38,10,10,10,6,1,"-",0,NA,22,2015-02-23,134,273,331414.568,1213.97277655678
54,45,36,38,33,29,79,62,43,30.42,30.38,30.34,10,10,10,7,3,"-",0,NA,18,2015-02-24,135,280,197403.997,705.014275
52,49,46,47,43,37,89,79,68,30.44,30.36,30.26,10,8,2,8,3,"-",0.07,"Rain",6,2015-02-25,136,206,115939.072,562.811029126214
54,51,48,47,45,44,87,81,72,30.26,30.1,29.81,10,8,5,7,2,"-",0.22,"Rain",6,2015-02-26,137,277,190939.642,689.31278700361
54,51,48,46,43,37,90,75,57,29.95,29.79,29.72,10,9,4,9,4,"-",0.73,"Rain",6,2015-02-27,138,218,163490.31,749.955550458716
55,47,37,34,28,19,73,47,24,30.24,30.16,29.97,10,10,10,12,5,"18",0,NA,18,2015-02-28,139,365,787092.213,2156.41702191781
54,44,35,35,30,26,79,56,34,30.26,30.13,29.98,10,10,10,7,3,"-",0,NA,19,2015-03-01,140,246,549835.327,2235.10295528455
54,49,39,36,34,28,73,58,38,30.16,30.05,29.99,10,10,10,12,6,"23",0,NA,15,2015-03-02,141,282,207084.099,734.340776595745
52,42,32,32,24,10,82,53,19,30.27,30.23,30.18,10,10,10,9,3,"-",0,NA,20,2015-03-03,142,296,217113.207,733.490564189189
55,44,32,29,24,19,75,49,25,30.32,30.29,30.26,10,10,10,10,2,"-",0,NA,23,2015-03-04,143,327,263585.423,806.071629969418
59,48,37,39,32,26,73,55,28,30.4,30.36,30.31,10,10,10,6,3,"-",0,NA,22,2015-03-05,144,281,243672.675,867.162544483986
59,49,39,41,37,34,80,63,41,30.45,30.39,30.35,10,10,9,6,1,"-",0,NA,20,2015-03-06,145,351,316554.478,901.864609686609
62,50,37,42,39,33,87,66,42,30.37,30.31,30.24,10,10,9,8,2,"-",0,"Rain",25,2015-03-07,146,462,892997.411,1932.89482900433
63,50,37,43,40,34,89,67,43,30.26,30.19,30.11,10,10,9,9,1,"-",0,NA,26,2015-03-08,147,417,892017.464999999,2139.13061151079
57,49,41,44,41,36,86,73,59,30.14,30.1,30.06,10,10,8,12,3,"-",0,NA,16,2015-03-09,148,319,338672.447,1061.66911285267
60,50,44,48,42,38,93,76,55,30.04,29.93,29.78,10,5,0,9,4,"17",0,"Fog , Rain",16,2015-03-10,149,374,272440.188,728.44970053476
62,56,51,50,48,46,86,75,60,30.16,29.98,29.87,10,10,8,9,6,"-",0.09,"Rain",11,2015-03-11,150,310,271253.699,875.011932258065
66,60,53,49,47,42,82,66,43,30.43,30.33,30.19,10,10,10,12,8,"18",0,NA,13,2015-03-12,151,416,404734.915,972.92046875
66,59,52,49,45,42,74,63,42,30.32,30.1,29.94,10,10,7,12,2,"-",0.04,"Rain",14,2015-03-13,152,364,430545.577,1182.81751923077
61,58,54,54,49,43,88,76,64,29.99,29.9,29.77,10,8,4,15,7,"28",0.54,"Rain",7,2015-03-14,153,246,320776.679,1303.9702398374
54,50,46,47,44,41,87,84,72,30.12,29.8,29.62,10,5,1,9,4,"-",2.2,"Rain",8,2015-03-15,154,34,22651.226,666.212529411764
57,52,46,43,42,40,86,71,53,30.27,30.19,30.09,10,10,10,12,4,"16",0,NA,11,2015-03-16,155,304,312122.119,1026.71749671053
60,51,43,46,42,38,85,73,53,30.22,30.1,30.05,10,10,6,12,3,"18",0.03,"Rain",17,2015-03-17,156,319,259002.25,811.919278996865
63,54,46,44,42,39,83,64,44,30.31,30.26,30.21,10,10,10,7,4,"-",0,NA,17,2015-03-18,157,359,429857.105,1197.37355153203
63,56,48,49,43,41,80,63,46,30.2,30.1,30.02,10,10,10,8,4,"-",0.01,"Rain",15,2015-03-19,158,371,382194.937,1030.17503234501
60,56,51,48,47,44,86,74,57,30,29.93,29.88,10,10,5,6,2,"-",0.12,"Rain",9,2015-03-20,159,302,255440.56,845.829668874172
59,55,50,48,44,37,80,67,51,30.11,30.04,29.89,10,10,7,17,9,"36",0.13,"Rain",9,2015-03-21,160,314,528775.216,1683.99750318471
55,49,43,47,43,39,86,76,64,30.09,29.99,29.95,10,9,2,9,2,"-",0.07,"Rain",12,2015-03-22,161,187,196462.906,1050.60377540107
54,48,42,45,41,39,93,81,66,29.99,29.95,29.91,10,7,0,13,4,"22",0.2,"Fog , Rain",12,2015-03-23,162,239,166074.493,694.872355648535
59,52,46,43,41,39,86,72,53,30.26,30.12,29.9,10,9,5,15,4,"17",0.27,"Rain",13,2015-03-24,163,361,330206.533,914.699537396122
61,54,48,54,48,42,88,78,69,30.3,30.24,30.2,10,9,5,14,7,"25",0.15,"Rain",13,2015-03-25,164,274,199955.386,729.764182481752
72,62,52,52,49,45,86,67,39,30.3,30.23,30.13,10,10,10,10,5,"-",0,NA,20,2015-03-26,165,533,778015.562,1459.69148592871
69,59,50,52,48,46,86,70,50,30.12,30.02,29.95,10,10,9,15,4,"24",0.01,"Rain",19,2015-03-27,166,434,523376.937,1205.93764285714
64,58,52,46,43,39,77,63,46,30.35,30.23,30.05,10,10,10,16,13,"26",0,NA,12,2015-03-28,167,306,531237.219,1736.06934313726
63,57,51,49,44,41,80,63,50,30.33,30.23,30.15,10,10,10,12,7,"18",0,NA,12,2015-03-29,168,263,482786.062,1835.6884486692
66,60,55,49,47,44,77,64,45,30.14,30,29.84,10,10,8,10,7,"16",0.02,"Rain",11,2015-03-30,169,406,478712.672,1179.09525123153
57,50,46,48,41,38,86,72,55,30.21,30.06,29.84,10,9,3,15,7,"22",0.31,"Rain",11,2015-03-31,170,282,216134.628,766.43485106383
57,50,44,44,40,36,93,73,49,30.34,30.27,30.22,10,10,10,14,5,"-",0.05,"Rain",13,2015-04-01,171,375,342862.869,914.300984
59,50,43,42,38,33,90,66,39,30.43,30.37,30.32,10,10,6,7,3,"-",0,"Rain",16,2015-04-02,172,365,378872.958,1038.00810410959
55,49,44,43,39,37,76,68,53,30.31,30.2,30.15,10,9,5,16,7,"23",0.05,"Rain",11,2015-04-03,173,320,304742.666,952.320831249999
57,48,39,37,34,25,83,58,31,30.16,30.08,29.93,10,10,10,9,4,"-",0,NA,18,2015-04-04,174,416,767788.214999999,1845.64474759615
63,50,39,39,34,28,79,56,28,29.92,29.76,29.64,10,10,10,8,2,"-",0,NA,24,2015-04-05,175,304,538753.654,1772.21596710526
60,52,46,40,37,31,74,58,35,29.86,29.81,29.72,10,10,10,12,6,"-",0,"Rain",14,2015-04-06,176,349,344957.536,988.417008595988
59,54,48,44,40,38,71,63,47,29.93,29.86,29.82,10,10,10,14,4,"-",0.01,"Rain",11,2015-04-07,177,400,310136.825,775.342062499999
64,54,46,44,40,37,77,62,39,30.15,30.07,29.94,10,10,10,10,3,"-",0,NA,18,2015-04-08,178,419,468071.449,1117.1156300716
66,54,45,44,40,36,80,61,34,30.16,30.08,29.96,10,10,10,14,5,"20",0,NA,21,2015-04-09,179,456,512834.264,1124.63654385965
60,54,48,46,42,37,82,68,45,29.96,29.87,29.78,10,9,4,15,6,"25",0.52,"Rain",12,2015-04-10,180,391,386260.626,987.878838874679
55,50,44,45,38,33,82,65,51,30.13,29.95,29.78,10,10,7,15,8,"25",0.02,"Rain",11,2015-04-11,181,196,393030.969,2005.26004591837
59,52,46,39,36,32,71,57,41,30.23,30.17,30.04,10,10,10,10,6,"17",0,NA,13,2015-04-12,182,255,500041.177,1960.94579215686
54,48,42,50,42,38,100,80,57,30.04,29.95,29.88,10,8,3,13,4,"-",0.46,"Rain",12,2015-04-13,183,221,140951.17,637.788099547512
55,47,39,43,39,34,100,78,44,30.46,30.25,30.05,10,10,8,13,8,"-",0.05,"Rain",16,2015-04-14,184,321,210777.796,656.628647975078
59,49,39,38,34,26,83,57,28,30.57,30.51,30.46,10,10,10,7,4,"-",0,"Rain",20,2015-04-15,185,357,307325.957,860.857022408963
64,52,41,41,37,35,79,56,37,30.47,30.34,30.22,10,10,10,10,2,"18",0,"Rain",23,2015-04-16,186,468,465653.716,994.986572649573
68,56,46,46,42,33,77,57,28,30.32,30.25,30.22,10,10,10,12,3,"21",0,NA,22,2015-04-17,187,624,803301.4,1287.34198717949
68,57,48,45,41,33,77,55,28,30.38,30.31,30.24,10,10,10,9,2,"-",0,"Rain",20,2015-04-18,188,746,1570101.126,2104.69319839142
69,58,46,45,43,39,81,56,37,30.24,30.13,29.98,10,10,10,10,2,"17",0,NA,23,2015-04-19,189,754,1406279.533,1865.09221883289
73,60,48,46,42,34,77,50,25,29.98,29.91,29.83,10,10,10,10,2,"-",0,"Rain",25,2015-04-20,190,941,1294778.119,1375.95974388948
64,56,46,48,44,40,82,68,52,30.13,29.98,29.87,10,9,5,12,3,"-",0.16,"Rain",18,2015-04-21,191,583,563204.402,966.0452864494
62,52,43,40,37,24,86,62,24,30.2,30.14,30.06,10,10,10,9,5,"17",0,NA,19,2015-04-22,192,522,530329.129,1015.95618582375
55,50,46,44,38,34,80,64,50,30.05,29.89,29.78,10,9,5,14,7,"20",0.1,"Rain",9,2015-04-23,193,320,243471.966,760.84989375
57,52,46,42,40,39,79,70,55,29.89,29.82,29.77,10,9,2,17,10,"24",0.15,"Rain",11,2015-04-24,194,386,303864.8,787.21450777202
57,52,46,41,38,34,79,62,44,30.1,29.98,29.9,10,10,10,9,2,"-",0.01,NA,11,2015-04-25,195,455,800786.245999999,1759.96977142857
61,52,42,47,39,36,80,62,46,30.26,30.2,30.11,10,10,10,9,5,"-",0,NA,19,2015-04-26,196,344,641090.542,1863.63529651163
78,66,53,52,50,48,88,66,37,30.27,30.14,29.9,10,10,8,10,6,"-",0,"Rain",25,2015-04-27,197,518,698844.641000001,1349.12092857143
63,56,51,52,48,44,83,73,60,30.18,30.09,29.91,10,9,3,14,6,"20",0.11,"Rain",12,2015-04-28,198,317,211993.911,668.750507886435
64,56,48,46,42,37,82,64,42,30.29,30.24,30.18,10,10,10,12,6,"28",0.01,NA,16,2015-04-29,199,339,290424.828,856.710407079646
64,57,50,44,41,35,74,57,35,30.33,30.25,30.14,10,10,10,9,5,"-",0,NA,14,2015-04-30,200,436,364125.039,835.149172018348
64,59,54,46,44,40,72,58,45,30.13,30.06,30,10,10,10,9,4,"-",0,NA,10,2015-05-01,201,450,479721.377,1066.04750444444
66,58,51,42,38,31,71,51,27,30.1,30.05,29.99,10,10,10,10,4,"17",0,NA,15,2015-05-02,202,548,1007672.766,1838.8189160584
69,57,45,42,37,29,80,49,22,30.02,29.96,29.88,10,10,10,9,3,"-",0,NA,24,2015-05-03,203,472,911133.950999999,1930.36854025424
64,55,46,44,41,39,77,59,41,29.99,29.93,29.88,10,10,10,14,6,"28",0,NA,18,2015-05-04,204,401,337664.136,842.055201995013
62,54,48,46,42,39,82,68,47,30.12,30.05,29.99,10,9,7,14,8,"24",0.18,"Rain",14,2015-05-05,205,306,186806.008,610.477150326798
64,56,48,44,40,34,83,62,33,30.15,30.12,30.09,10,10,10,12,3,"20",0,NA,16,2015-05-06,206,408,350139.92,858.186078431372
70,58,46,43,39,34,80,52,27,30.17,30.11,30.03,10,10,10,10,3,"20",0,NA,24,2015-05-07,207,556,622266.609,1119.18454856115
75,62,48,46,40,28,77,47,20,30.07,30.02,29.96,10,10,10,10,2,"16",0,NA,27,2015-05-08,208,650,690455.317,1062.23894923077
80,66,51,46,39,32,74,42,19,30.1,30.06,30.01,10,10,10,6,2,"-",0,NA,29,2015-05-09,209,793,1655438.102,2087.56381084489
69,62,55,50,47,39,72,59,43,30.08,30.04,30.01,10,10,10,8,3,"-",0,NA,14,2015-05-10,210,440,1066811.459,2424.57149772727
59,56,53,50,47,45,82,71,64,30.05,29.99,29.89,10,10,5,9,5,"-",0,"Rain",6,2015-05-11,211,445,402995.631,905.608159550562
62,58,55,52,49,47,88,75,60,29.87,29.85,29.83,10,10,6,13,4,"17",0.11,"Rain",7,2015-05-12,212,418,323659.085000001,774.30403110048
57,54,53,50,48,46,86,78,69,29.94,29.89,29.85,10,9,6,10,7,"-",0.14,"Rain",4,2015-05-13,213,318,213866.219,672.535279874214
66,60,53,49,47,45,86,72,47,29.93,29.9,29.83,10,9,6,7,1,"-",0,NA,13,2015-05-14,214,483,455617.572,943.307602484472
69,60,53,51,48,45,83,69,45,29.95,29.88,29.85,10,10,6,10,2,"-",0.01,NA,16,2015-05-15,215,548,623446.103,1137.67537043796
62,58,55,49,48,46,72,67,60,30.05,29.99,29.95,10,10,10,9,6,"-",0,NA,7,2015-05-16,216,406,773621.091,1905.47066748768
69,62,55,50,48,46,74,64,49,30.08,30.06,30.04,10,10,10,8,2,"-",0,NA,14,2015-05-17,217,437,766053.447,1752.98271624714
78,66,55,52,49,47,75,56,34,30.08,30.05,29.99,10,10,10,9,3,"-",0,NA,23,2015-05-18,218,534,510314.614,955.645344569288
75,65,57,54,52,50,82,67,46,30.12,30.07,29.99,10,10,10,7,2,"-",0,NA,18,2015-05-19,219,509,609367.062,1197.18479764244
73,64,54,54,51,49,86,68,45,30.04,29.96,29.85,10,9,3,7,4,"-",0,NA,19,2015-05-20,220,516,480792.707,931.768812015503
81,68,57,56,52,50,75,57,40,29.88,29.85,29.81,10,10,10,7,2,"-",0,NA,24,2015-05-21,221,587,572312.735,974.979105621806
64,60,57,51,50,48,77,70,63,30.09,29.99,29.9,10,10,10,9,6,"-",0,NA,7,2015-05-22,222,458,539571.087,1178.10281004367
64,59,55,51,49,48,77,70,62,30.19,30.16,30.09,10,10,10,8,5,"-",0,"Rain",9,2015-05-23,223,537,861980.543,1605.17791992551
66,60,55,51,49,48,77,67,58,30.18,30.1,30.01,10,10,10,8,5,"-",0,NA,11,2015-05-24,224,455,896148.113999999,1969.55629450549
62,58,55,50,48,47,77,68,62,30.03,30.02,30,10,10,10,9,6,"-",0,NA,7,2015-05-25,225,408,794582.921,1947.50715931373
72,64,57,52,50,47,75,61,42,30.06,30.03,30.01,10,10,10,9,4,"-",0,NA,15,2015-05-26,226,463,457851.801,988.880779697625
78,67,57,54,52,51,82,60,42,30.08,30.04,30,10,10,10,7,2,"-",0,NA,21,2015-05-27,227,618,644839.881,1043.43022815534
82,70,57,54,52,50,78,55,34,30.09,30.03,29.98,10,10,10,9,2,"-",0,NA,25,2015-05-28,228,636,679852.922,1068.95113522013
82,71,61,57,53,49,75,56,38,30,29.95,29.88,10,10,10,10,2,"-",0,NA,21,2015-05-29,229,625,682480.284000001,1091.9684544
75,63,53,49,47,45,77,59,37,29.99,29.94,29.88,10,10,10,10,5,"-",0,NA,22,2015-05-30,230,585,1156960.362,1977.71002051282
75,65,57,52,49,46,77,59,40,29.94,29.85,29.77,10,10,10,10,4,"16",0,NA,18,2015-05-31,231,538,996243.06,1851.75289962825
64,60,57,53,50,47,83,71,56,29.95,29.9,29.79,10,10,5,14,5,"17",0.09,"Rain",7,2015-06-01,232,323,255166.001,789.987619195046
66,60,57,52,50,48,81,68,56,30.07,30.02,29.95,10,10,10,12,8,"20",0,NA,9,2015-06-02,233,458,416544.644,909.486122270742
69,62,57,50,48,46,74,62,47,30.08,30.06,30.03,10,10,10,9,5,"-",0,NA,12,2015-06-03,234,459,419171.759,913.228233115469
73,65,57,49,46,44,64,53,39,30.14,30.11,30.08,10,10,10,12,3,"18",0,NA,16,2015-06-04,235,564,537038.54,952.195992907801
80,68,57,51,48,44,70,48,30,30.14,30.08,30.01,10,10,10,12,3,"20",0,NA,23,2015-06-05,236,599,690614.251,1152.94532721202
84,72,59,53,50,46,65,46,29,30.06,30.01,29.96,10,10,10,10,3,"17",0,NA,25,2015-06-06,237,518,968413.759000001,1869.52463127413
88,74,61,52,50,45,70,43,23,30.04,30.01,29.97,10,10,10,12,4,"-",0,NA,27,2015-06-07,238,474,823515.305000001,1737.37406118144
86,73,60,54,48,31,75,44,17,30.02,29.97,29.91,10,10,10,10,3,"18",0,NA,26,2015-06-08,239,567,688755.053,1214.73554320988
86,72,61,49,43,30,60,36,17,29.98,29.92,29.85,10,10,10,9,3,"-",0,NA,25,2015-06-09,240,564,726931.470999999,1288.88558687943
81,68,55,51,48,46,75,51,30,30.02,29.96,29.91,10,10,10,8,5,"-",0,NA,26,2015-06-10,241,521,574194.048,1102.09990019194
79,66,55,50,48,45,75,55,34,30.15,30.1,30.03,10,10,10,9,5,"20",0,NA,24,2015-06-11,242,611,729659.019,1194.20461374795
70,64,57,46,44,39,67,52,35,30.2,30.16,30.11,10,10,10,8,5,"-",0,NA,13,2015-06-12,243,559,549869.062,983.665584973166
75,64,52,48,44,37,77,49,24,30.13,30.07,30,10,10,10,8,3,"-",0,NA,23,2015-06-13,244,716,1208592.649,1687.97856005586
81,69,57,48,45,41,72,44,25,30.05,29.98,29.9,10,10,10,10,3,"17",0,NA,24,2015-06-14,245,507,1106205.091,2181.86408481262
86,72,61,48,45,39,60,38,20,29.96,29.92,29.86,10,10,10,10,3,"-",0,NA,25,2015-06-15,246,605,863690.686,1427.5879107438
73,64,55,49,46,39,75,55,29,30.13,30.08,29.98,10,10,10,10,5,"-",0,NA,18,2015-06-16,247,596,699228.83,1173.20273489933
78,67,57,49,45,35,70,49,23,30.11,30.06,29.99,10,10,10,8,3,"-",0,NA,21,2015-06-17,248,562,643261.053,1144.59262099644
80,70,62,52,46,42,70,46,28,30.05,29.99,29.95,10,10,10,9,3,"-",0,NA,18,2015-06-18,249,605,721111.547,1191.91991239669
75,66,59,55,51,45,81,61,38,30.14,30.11,30.06,10,9,4,10,4,"-",0.07,"Rain",16,2015-06-19,250,501,581792.723,1161.26292015968
77,66,57,47,43,36,62,44,23,30.14,30.06,29.96,10,10,10,10,4,"17",0,NA,20,2015-06-20,251,556,1336198.839,2403.23532194245
81,70,60,49,45,38,64,44,22,30.01,29.93,29.91,10,10,10,9,4,"-",0,NA,21,2015-06-21,252,434,984561.205000001,2268.57420506913
78,67,57,50,48,45,77,53,33,30.12,30.08,30.03,10,10,10,12,5,"-",0,NA,21,2015-06-22,253,534,612089.7,1146.23539325843
81,68,55,50,45,33,72,47,19,30.17,30.11,30.03,10,10,10,9,2,"-",0,NA,26,2015-06-23,254,514,700577.862,1362.99194941634
79,72,66,54,51,47,59,47,33,30.1,30.07,30.04,10,10,10,8,2,"-",0,NA,13,2015-06-24,255,567,579123.817,1021.38239329806
88,76,64,57,52,45,73,47,25,30.15,30.11,30.07,10,10,10,9,2,"20",0,NA,24,2015-06-25,256,569,559085.079,982.574831282952
88,76,66,58,57,55,73,51,35,30.11,30.04,29.94,10,10,10,10,5,"21",0,NA,22,2015-06-26,257,561,611922.459,1090.77087165775
91,78,66,56,54,48,68,44,27,30,29.94,29.89,10,10,10,12,3,"21",0,NA,25,2015-06-27,258,458,820518.798,1791.52575982533
82,76,70,59,56,49,61,49,34,30.01,29.94,29.91,10,10,10,8,2,"-",0,"Rain , Thunderstorm",12,2015-06-28,259,404,652781.797,1615.79652722772
88,78,69,61,59,57,75,54,37,30.05,29.97,29.91,10,10,9,10,4,"-",0.01,"Rain",19,2015-06-29,260,539,566332.442,1050.70953988868
88,75,62,59,56,48,82,59,30,30.12,30.07,30,10,10,10,7,4,"-",0,NA,26,2015-06-30,261,548,594224.424,1084.35113868613
89,76,64,56,54,50,68,46,31,30.06,30,29.93,10,10,10,12,4,"20",0,NA,25,2015-07-01,262,531,410896.598,773.816568738229
91,80,68,54,53,50,61,40,26,30.02,29.97,29.91,10,10,10,10,3,"16",0,NA,23,2015-07-02,263,606,634268.277,1046.64732178218
93,80,68,55,53,49,59,40,23,29.96,29.9,29.82,10,10,9,9,4,"-",0,NA,25,2015-07-03,264,630,1068479.537,1695.99926507936
91,77,63,55,48,36,70,39,15,29.89,29.83,29.76,10,10,10,10,3,"-",0,NA,28,2015-07-04,265,759,1529653.968,2015.3543715415
91,78,66,54,49,43,61,37,21,29.88,29.82,29.79,10,10,7,10,3,"-",0,NA,25,2015-07-05,266,545,997221.673999999,1829.76453944954
88,74,63,55,53,48,70,49,27,30.01,29.97,29.91,10,10,10,9,5,"-",0,NA,25,2015-07-06,267,646,789471.253,1222.09172291022
81,70,61,55,53,52,72,58,39,30.07,29.99,29.88,10,10,10,8,6,"-",0,NA,20,2015-07-07,268,581,670676.222000001,1154.34805851979
86,74,63,56,54,51,72,53,30,29.92,29.83,29.71,10,8,5,8,3,"-",0,NA,23,2015-07-08,269,651,634409.591,974.515500768049
86,73,62,59,57,54,78,60,40,29.78,29.74,29.66,10,10,7,9,3,"-",0,NA,24,2015-07-09,270,659,681835.251,1034.65136722307
73,68,64,56,54,53,73,62,49,29.88,29.85,29.78,10,10,10,13,8,"18",0,NA,9,2015-07-10,271,648,851445.997,1313.95987191358
73,68,64,56,54,52,70,60,48,29.98,29.92,29.87,10,10,10,9,6,"-",0,NA,9,2015-07-11,272,524,863618.089,1648.1261240458
82,72,64,57,54,50,75,57,34,30.03,30,29.97,10,10,10,10,6,"17",0,NA,18,2015-07-12,273,550,1051896.55,1912.53918181818
79,72,66,57,55,51,70,58,42,30.09,30.05,30.01,10,10,10,13,4,"-",0,NA,13,2015-07-13,274,681,761416.558,1118.08598825257
82,72,64,51,49,45,60,46,29,30.08,30.03,29.96,10,10,10,9,4,"16",0,NA,18,2015-07-14,275,642,683578.917999999,1064.76466978193
81,72,63,53,51,49,61,50,35,30.09,30.05,30.01,10,10,10,10,2,"-",0,NA,18,2015-07-15,276,663,762000.525,1149.32205882353
81,72,64,54,50,46,65,49,31,30.15,30.12,30.09,10,10,10,9,4,"-",0,NA,17,2015-07-16,277,666,730129.577,1096.29065615616
82,71,60,52,48,42,70,46,24,30.14,30.07,29.99,10,10,10,12,3,"18",0,NA,22,2015-07-17,278,699,941689.852000002,1347.1957825465
91,78,66,54,49,41,59,38,17,30.03,29.97,29.9,10,10,10,12,3,"17",0,NA,25,2015-07-18,279,686,1281010.883,1867.362803207
98,83,69,57,52,48,65,39,19,30,29.96,29.92,10,10,10,13,3,"20",0,NA,29,2015-07-19,280,550,1193679.031,2170.32551090909
82,74,66,58,54,53,75,57,38,30.07,30.02,29.97,10,10,10,13,8,"21",0,NA,16,2015-07-20,281,499,427658.219,857.030498997996
75,68,62,56,52,49,78,58,38,30.01,29.97,29.9,10,10,4,9,3,"-",0.13,"Rain",13,2015-07-21,282,546,656122.926,1201.69034065934
77,68,61,52,50,48,70,55,37,29.96,29.92,29.86,10,10,10,10,4,"-",0,NA,16,2015-07-22,283,648,737309.381,1137.82311882716
81,71,62,51,50,48,65,51,32,30.02,29.97,29.91,10,10,10,7,2,"-",0,NA,19,2015-07-23,284,641,756910.63,1180.82781591264
77,67,59,59,53,50,76,60,44,30.1,30.06,30.02,10,10,7,13,6,"24",0.01,"Rain",18,2015-07-24,285,515,563336.76,1093.85778640777
70,66,62,61,54,49,88,67,52,30.08,30.05,30.02,10,10,5,12,4,"16",0.02,"Rain",8,2015-07-25,286,563,1004228.159,1783.70898579041
73,66,60,56,52,49,80,66,45,30.1,30.07,30.04,10,10,4,8,2,"-",0.1,"Rain",13,2015-07-26,287,363,793923.303,2187.11653719008
77,65,55,54,51,45,84,61,34,30.23,30.18,30.11,10,10,6,7,2,"-",0.01,NA,22,2015-07-27,288,611,759037.119,1242.28661047463
82,72,61,53,51,47,72,52,29,30.29,30.23,30.17,10,10,10,9,3,"-",0,NA,21,2015-07-28,289,672,811059.305,1206.93348958333
89,75,62,55,51,48,75,46,26,30.2,30.14,30.07,10,10,9,10,3,"18",0,NA,27,2015-07-29,290,656,717931.323,1094.40750457317
91,78,66,54,50,44,63,38,21,30.11,30.06,30,10,10,10,9,3,"16",0,NA,25,2015-07-30,291,597,643220.951,1077.42202847571
93,80,68,52,46,38,55,33,15,30.09,30.03,29.96,10,10,10,9,3,"-",0,NA,25,2015-07-31,292,575,702626.056,1221.95835826087
91,77,64,51,47,42,56,35,19,30.02,29.96,29.89,10,10,4,12,3,"-",0,NA,27,2015-08-01,293,674,1272044.451,1887.30630712166
90,77,64,55,52,47,67,45,23,29.95,29.91,29.86,10,10,10,8,2,"-",0,NA,26,2015-08-02,294,495,916218.57,1850.94660606061
84,76,68,55,53,51,61,48,37,29.95,29.9,29.87,10,10,9,12,2,"-",0,NA,16,2015-08-03,295,636,754414.936,1186.18700628931
81,70,61,56,52,48,78,57,34,30.02,29.99,29.94,10,10,10,10,5,"-",0,NA,20,2015-08-04,296,613,720789.277,1175.83895106036
75,65,57,53,51,50,75,61,44,30.1,30.07,30.02,10,10,10,8,3,"18",0,NA,18,2015-08-05,297,621,661725.664000001,1065.58077938808
79,70,62,52,50,47,70,52,34,30.14,30.09,30.02,10,10,10,8,4,"-",0,NA,17,2015-08-06,298,635,756368.881,1191.13209606299
84,72,62,57,52,47,70,52,28,30.02,29.94,29.85,10,10,10,8,2,"-",0,NA,22,2015-08-07,299,640,809884.863000001,1265.4450984375
80,70,62,59,57,55,84,67,45,29.96,29.89,29.87,10,10,10,13,5,"20",0,NA,18,2015-08-08,300,566,816560.122,1442.68572791519
84,72,61,56,52,47,78,53,28,30.01,29.96,29.9,10,10,10,12,5,"-",0,NA,23,2015-08-09,301,600,1197728.788,1996.21464666667
84,75,66,57,52,49,73,47,29,29.96,29.92,29.87,10,10,10,12,3,"-",0,"Rain",18,2015-08-10,302,588,713894.406,1214.10613265306
87,76,66,55,54,50,68,47,30,29.98,29.93,29.86,10,10,10,10,3,"-",0,NA,21,2015-08-11,303,597,584948.065,979.812504187604
84,75,66,61,56,54,65,52,35,29.99,29.94,29.9,10,10,7,7,2,"-",0.04,"Rain , Thunderstorm",18,2015-08-12,304,604,728519.08,1206.15741721854
84,74,63,59,57,54,81,60,39,30.05,29.99,29.9,10,10,10,10,6,"-",0,NA,21,2015-08-13,305,632,793014.881,1254.77038132911
68,65,62,57,56,54,84,75,65,30.15,30.01,29.92,10,8,4,14,7,"26",0.57,"Rain , Thunderstorm",6,2015-08-14,306,347,329436.343,949.384273775217
72,66,60,55,53,50,78,65,49,30.25,30.22,30.16,10,10,10,12,7,"-",0,NA,12,2015-08-15,307,550,715047.948,1300.08717818182
78,68,60,53,52,50,75,58,39,30.27,30.21,30.14,10,10,10,12,3,"16",0,NA,18,2015-08-16,308,557,980554.431000002,1760.42088150808
81,70,60,55,52,47,78,53,30,30.15,30.1,30.04,10,10,10,12,2,"18",0,NA,21,2015-08-17,309,580,605170.948999999,1043.39818793103
84,74,64,57,55,54,70,53,37,30.06,30,29.91,10,10,10,10,3,"20",0,NA,20,2015-08-18,310,598,715231.689,1196.03961371237
91,78,64,57,54,48,75,49,23,29.93,29.88,29.79,10,10,10,7,2,"-",0,NA,27,2015-08-19,311,638,718907.728,1126.81462068965
75,68,61,57,53,48,82,64,38,29.97,29.92,29.87,10,9,2,10,7,"18",0,NA,14,2015-08-20,312,515,532416.637,1033.81871262136
75,66,60,51,49,44,68,56,35,30.07,29.98,29.91,10,10,10,9,6,"-",0,NA,15,2015-08-21,313,619,729927.717,1179.20471243942
79,68,57,52,49,46,75,55,32,30.12,30.05,29.96,10,10,10,7,2,"-",0,NA,22,2015-08-22,314,509,991845.439000001,1948.61579371316
82,70,59,53,49,44,72,49,27,29.98,29.95,29.91,10,8,3,6,1,"-",0,NA,23,2015-08-23,315,430,850892.7,1978.82023255814
77,66,57,50,48,43,74,51,38,30.07,30.03,29.99,10,10,10,10,4,"-",0,NA,20,2015-08-24,316,629,622079.251,988.997219395866
78,68,57,49,45,39,65,45,25,30.11,30.05,29.99,10,10,10,12,2,"17",0,NA,21,2015-08-25,317,518,569025.734000001,1098.50527799228
84,71,60,51,46,40,67,44,23,30.04,29.99,29.95,10,10,10,6,1,"-",0,NA,24,2015-08-26,318,560,562043.294,1003.64873928571
87,74,62,52,48,39,63,41,22,30.09,30.02,29.94,10,10,10,8,3,"-",0,NA,25,2015-08-27,319,583,726757.567,1246.58244768439
75,70,64,58,54,42,78,56,32,30.01,29.9,29.68,10,10,10,13,6,"18",0.01,"Rain",11,2015-08-28,320,496,514581.872,1037.4634516129
75,66,60,60,56,50,96,70,44,29.78,29.67,29.5,10,8,3,23,8,"39",0.18,"Rain",15,2015-08-29,321,274,355331.259,1296.82941240876
72,65,59,60,55,50,100,75,51,30,29.9,29.75,10,9,3,13,8,"18",0.24,"Rain",13,2015-08-30,322,330,532408.075,1613.3578030303
68,66,64,58,53,49,78,64,54,29.99,29.95,29.9,10,10,10,15,11,"25",0.06,"Rain",4,2015-08-31,323,412,373292.407,906.049531553398
68,64,62,58,56,53,84,76,63,29.9,29.84,29.78,10,7,1,15,9,"25",0.17,"Rain",6,2015-09-01,324,318,218154.764,686.021270440251
70,63,57,53,50,46,81,65,44,29.96,29.89,29.78,10,10,10,13,7,"18",0.02,"Rain",13,2015-09-02,325,447,420432.632,940.565172259508
69,60,53,50,47,42,83,65,40,30.03,30,29.96,10,10,10,10,3,"25",0,NA,16,2015-09-03,326,513,491033.614,957.18053411306
66,60,54,49,47,46,80,68,48,30.02,30,29.98,10,10,10,8,2,"-",0,NA,12,2015-09-04,327,439,434972.001,990.824603644647
69,58,48,52,48,44,86,68,50,30.13,30.09,30.02,10,10,10,14,5,"21",0.06,"Rain",21,2015-09-05,328,302,599497.919,1985.09244701987
63,58,55,54,51,49,88,75,65,30.16,30.12,30.08,10,10,5,10,5,"-",0.19,"Rain",8,2015-09-06,329,344,619479.09,1800.81130813953
73,66,59,54,52,46,83,66,39,30.22,30.18,30.15,10,10,9,10,1,"-",0,NA,14,2015-09-07,330,458,987512.688000001,2156.14124017467
75,67,59,58,54,50,78,67,55,30.17,30.11,30.06,10,10,8,13,6,"-",0,NA,16,2015-09-08,331,409,324214.936,792.701555012225
78,69,60,57,55,49,83,64,37,30.09,30.07,30.04,10,10,10,8,2,"-",0,NA,18,2015-09-09,332,575,562780.798,978.749213913044
75,68,61,57,56,55,83,67,50,30.12,30.08,30.02,10,10,6,12,3,"16",0.01,NA,14,2015-09-10,333,527,567961.385,1077.72558823529
82,72,62,58,56,54,80,60,42,30.07,30.03,29.96,10,10,10,8,2,"-",0,NA,20,2015-09-11,334,634,763680.079,1204.54271135647
81,71,62,57,55,53,78,60,40,30.04,29.99,29.95,10,10,10,10,2,"16",0,NA,19,2015-09-12,335,514,1093997.691,2128.4001770428
72,66,59,58,53,45,86,69,41,29.99,29.95,29.9,10,8,1,12,4,"-",0.03,"Rain",13,2015-09-13,336,261,441002.174,1689.66350191571
64,58,53,47,45,42,74,61,48,29.89,29.81,29.73,10,10,9,9,7,"-",0,NA,11,2015-09-14,337,421,354459.885,841.947470308789
66,59,52,47,44,42,72,61,42,29.84,29.81,29.78,10,10,10,10,7,"-",0,NA,14,2015-09-15,338,436,408041.577,935.875176605504
70,60,50,55,46,44,83,59,41,29.88,29.84,29.82,10,10,8,8,4,"-",0.04,"Rain",20,2015-09-16,339,476,418136.496,878.438016806723
68,62,57,57,54,51,84,77,65,30.1,29.94,29.83,10,10,3,12,3,"18",0.58,"Rain",11,2015-09-17,340,311,209756.286,674.457511254019
70,64,57,55,52,50,82,67,51,30.13,30.09,30.04,10,10,10,9,5,"-",0.01,NA,13,2015-09-18,341,494,526057.757,1064.89424493927
73,66,60,59,55,53,78,69,55,30.05,30.01,29.95,10,10,10,14,7,"22",0,NA,13,2015-09-19,342,384,666601.598,1735.94166145833
75,66,57,61,58,51,86,73,55,29.97,29.92,29.87,10,9,2,17,11,"26",0.09,"Rain",18,2015-09-20,343,316,531998.856,1683.5406835443
66,60,55,52,47,41,81,61,40,30.1,30.04,29.98,10,10,10,8,2,"-",0,NA,11,2015-09-21,344,401,366870.029,914.88785286783
68,57,46,47,43,36,83,60,31,30.04,30.01,29.97,10,10,10,10,2,"-",0,NA,22,2015-09-22,345,463,451539.457,975.247207343413
71,60,48,47,45,42,80,59,39,30.06,30.03,29.99,10,10,10,8,3,"-",0,NA,23,2015-09-23,346,470,379232.043,806.876687234043
75,64,54,53,50,47,77,59,44,30.04,29.99,29.96,10,10,10,10,3,"16",0,NA,21,2015-09-24,347,547,613128.928999999,1120.89383729433
63,61,59,54,52,45,82,73,57,30.07,30.04,30.01,10,10,8,10,4,"-",0.03,"Rain",4,2015-09-25,348,385,354011.437,919.510225974026
64,60,55,47,45,39,72,59,43,30.2,30.16,30.08,10,10,10,8,2,"-",0,NA,9,2015-09-26,349,488,872589.593,1788.09342827869
64,55,46,46,44,39,83,65,41,30.22,30.16,30.09,10,10,10,10,3,"20",0,NA,18,2015-09-27,350,319,599380.791,1878.93664890282
69,61,53,50,47,45,77,64,49,30.09,30.01,29.93,10,10,10,9,3,"-",0,NA,16,2015-09-28,351,504,529761.428,1051.11394444444
73,62,53,50,48,45,83,62,40,29.96,29.93,29.89,10,10,10,8,1,"-",0,"Rain",20,2015-09-29,352,533,465313.05,873.007598499062
68,60,53,52,50,47,89,76,57,30.04,30,29.95,10,8,3,8,3,"-",0,NA,15,2015-09-30,353,445,391523.634,879.828391011236
70,60,51,54,50,46,90,74,47,30.13,30.04,29.98,10,7,0,7,1,"-",0.01,"Fog",19,2015-10-01,354,449,339761.955,756.708140311804
62,58,53,52,51,48,89,77,67,30.22,30.17,30.07,10,8,3,13,3,"-",0,NA,9,2015-10-02,355,434,398724.721,918.720555299538
68,62,55,50,45,40,77,58,40,30.09,30.05,30.01,10,10,10,8,5,"-",0,NA,13,2015-10-03,356,372,654017.445,1758.11141129032
72,62,54,48,46,42,80,57,38,30,29.93,29.86,10,10,10,9,3,"-",0,NA,18,2015-10-04,357,462,697315.294000001,1509.34046320347
73,62,52,50,48,44,77,62,45,29.91,29.88,29.86,10,10,10,7,1,"-",0,NA,21,2015-10-05,358,489,527236.35,1078.19294478528
66,60,54,53,50,47,83,70,51,30.09,30,29.9,10,10,10,13,4,"18",0.01,NA,12,2015-10-06,359,397,289069.636,728.135103274559
62,60,59,57,55,53,87,81,72,30.17,30.12,30.08,10,8,3,9,5,"-",0.38,"Rain",3,2015-10-07,360,253,144844.104,572.506339920949
71,64,59,59,57,55,88,79,63,30.16,30.09,29.97,10,9,4,5,1,"-",0,NA,12,2015-10-08,361,431,324958.044,753.96297911833
70,62,55,59,55,50,94,77,63,29.97,29.94,29.9,10,7,0,9,4,"-",0.01,"Fog , Rain",15,2015-10-09,362,370,283867.658,767.209886486486
72,66,60,62,57,51,88,79,57,29.97,29.75,29.57,10,8,3,16,8,"29",0.77,"Rain",12,2015-10-10,363,127,134626.878,1060.05415748031
66,60,54,51,49,46,84,69,50,30.21,30.12,30,10,10,10,10,5,"-",0,NA,12,2015-10-11,364,319,523648.014,1641.52982445141
68,61,54,61,53,46,94,76,59,30.15,30.1,30.05,10,7,2,12,6,"21",0.34,"Rain",14,2015-10-12,365,393,284544.862,724.032727735369
63,58,54,54,52,47,88,79,65,30.27,30.22,30.15,10,8,2,9,2,NA,0.07,"Rain",9,2015-10-13,366,416,339144.741,815.25178125
63,58,53,49,48,46,83,75,60,30.26,30.21,30.12,10,10,7,7,3,NA,0,NA,10,2015-10-14,367,365,360866.436,988.675167123287
68,60,53,50,48,46,86,70,47,30.12,30.04,29.96,10,10,9,7,2,NA,0,NA,15,2015-10-15,368,432,365809.937,846.782261574075
70,60,50,50,47,45,86,67,45,29.97,29.91,29.83,10,10,10,6,1,NA,0.01,NA,20,2015-10-16,369,469,558492.493,1190.81555010661
68,62,57,56,53,50,86,76,61,29.95,29.89,29.84,10,10,8,6,1,NA,0.04,"Rain",11,2015-10-17,370,292,479127.74,1640.84842465753
62,60,59,59,56,54,93,85,77,30.02,29.99,29.95,10,4,1,8,3,NA,0.16,"Rain",3,2015-10-18,371,119,164147.851,1379.39370588235
66,62,57,56,54,53,86,76,63,30.15,30.01,29.94,10,10,5,10,4,NA,0,"Rain",9,2015-10-19,372,366,288337.792,787.808174863387
64,59,52,53,50,46,84,74,50,30.29,30.24,30.18,10,10,9,12,2,NA,0,NA,12,2015-10-20,373,395,315111.538,797.750729113923
64,57,50,53,49,45,93,79,65,30.19,30.15,30.12,10,9,1,9,2,NA,0,NA,14,2015-10-21,374,378,230601.062,610.05571957672
62,55,48,49,46,42,93,74,50,30.29,30.26,30.19,10,8,0,8,1,NA,0.01,"Fog",14,2015-10-22,375,393,324456.475,825.588994910942
59,52,48,47,45,43,83,74,60,30.25,30.16,30.04,10,9,3,7,2,NA,0,"Fog",11,2015-10-23,376,358,230476.38,643.788770949721
60,55,51,47,46,45,83,77,64,30.04,29.96,29.87,10,8,5,8,2,NA,0.01,"Rain",9,2015-10-24,377,204,254037.375,1245.28125
66,57,50,54,49,46,90,77,54,29.86,29.73,29.65,10,9,2,14,4,"29",0.35,"Rain",16,2015-10-25,378,202,254212.075,1258.47561881188
57,55,53,54,51,48,93,83,72,30.05,29.97,29.82,10,7,2,14,11,"21",0.09,"Rain",4,2015-10-26,379,260,161091.764,619.583707692308
60,54,48,50,48,46,90,79,67,30.05,29.99,29.93,10,10,3,12,2,NA,0.01,NA,12,2015-10-27,380,391,257402.455,658.318299232737
59,56,54,54,51,47,89,80,72,29.99,29.95,29.9,10,9,2,12,3,NA,0.1,"Rain",5,2015-10-28,381,323,193226.722,598.225145510836
62,60,57,54,52,50,83,77,69,30.06,30.02,29.96,10,10,10,13,7,NA,0.02,"Rain",5,2015-10-29,382,362,242922.045,671.055372928177
66,60,55,59,53,50,97,78,63,29.96,29.76,29.65,10,9,3,17,11,"32",0.36,"Rain",11,2015-10-30,383,302,262732.999,869.976817880795
63,59,55,58,54,49,94,82,75,29.71,29.65,29.57,10,8,2,21,11,"34",0.99,"Rain",8,2015-10-31,384,82,82237.246,1002.89324390244
57,54,52,52,48,45,87,77,69,29.84,29.76,29.65,10,10,5,18,13,"29",0.5,"Rain",5,2015-11-01,385,124,147923.756,1192.93351612903
55,50,45,47,44,40,82,73,63,30.01,29.93,29.86,10,10,4,7,3,NA,0.07,"Rain",10,2015-11-02,386,285,205593.954,721.382294736842
53,47,41,43,41,37,89,77,61,30.17,30.08,29.99,10,10,6,12,2,NA,0.07,"Rain",12,2015-11-03,387,341,190555.375,558.813416422287
53,45,37,41,38,34,86,73,55,30.2,30.17,30.14,10,10,9,8,5,NA,0,NA,16,2015-11-04,388,333,227322.592,682.650426426426
55,52,48,47,45,42,87,78,64,30.31,30.18,30.12,10,10,6,8,5,NA,0.01,"Rain",7,2015-11-05,389,338,225825.655,668.12323964497
63,56,50,49,46,45,86,76,58,30.32,30.26,30.1,10,8,3,10,5,NA,0.01,"Rain",13,2015-11-06,390,317,272208.29,858.701230283912
55,54,52,52,49,46,88,81,72,30.07,29.91,29.81,10,8,2,12,5,"18",0.49,"Rain",3,2015-11-07,391,68,50731.524,746.051823529412
55,52,48,47,45,43,86,79,67,29.85,29.83,29.79,10,9,3,7,4,NA,0.38,"Rain",7,2015-11-08,392,114,123230.143,1080.96616666667
52,48,43,46,44,39,87,82,74,30.16,29.96,29.84,10,9,4,8,1,NA,0.16,"Rain",9,2015-11-09,393,281,191221.781,680.504558718862
54,46,39,45,41,37,93,79,61,30.27,30.2,30.04,10,6,0,16,6,"28",0.06,"Fog-Rain",15,2015-11-10,394,335,196032.908,585.172859701492
55,50,43,48,40,37,89,70,55,30.36,30.26,30.05,10,10,10,15,8,"31",0.05,"Rain",12,2015-11-11,395,322,289014.184,897.559577639752
54,48,43,50,41,34,100,74,55,30.36,30.13,29.89,10,8,2,28,9,"36",0.24,"Rain",11,2015-11-12,396,264,159143.997,602.818170454544
60,56,51,55,52,46,94,86,72,29.88,29.84,29.81,10,6,1,24,15,"38",1.31,"Rain",9,2015-11-13,397,212,125039.928,589.810981132076
51,48,46,46,43,41,86,82,80,29.82,29.72,29.54,10,6,3,8,3,NA,1.64,"Rain",5,2015-11-14,398,37,34236.614,925.313891891892
48,44,37,41,37,34,86,77,61,30.07,29.74,29.53,10,8,3,12,5,"21",0.75,"Rain",11,2015-11-15,399,133,138491.861,1041.29218796992
52,44,36,46,38,31,89,79,64,30.15,30.02,29.85,10,10,9,15,7,"24",0.09,"Rain",16,2015-11-16,400,220,107530.866,488.776663636364
61,54,46,57,49,37,88,81,66,30.01,29.76,29.5,10,8,2,23,12,"38",0.74,"Rain",15,2015-11-17,401,203,100699.626,496.05727093596
51,45,39,42,38,35,83,70,61,30.28,30.22,30.05,10,10,9,9,5,NA,0.03,"Rain",12,2015-11-18,402,283,164724.841,582.066575971731
50,44,37,44,37,31,97,74,50,30.43,30.21,30.1,10,10,10,12,3,"21",0.08,"Rain",13,2015-11-19,403,298,182604.346,612.766261744967
50,42,35,36,33,30,93,72,48,30.56,30.49,30.43,10,9,4,6,2,NA,0,NA,15,2015-11-20,404,265,192396.541,726.024683018868
51,44,36,32,29,27,76,60,41,30.42,30.35,30.24,10,10,10,7,2,NA,0,NA,15,2015-11-21,405,134,209829.779,1565.89387313433
50,42,34,34,32,29,82,69,50,30.23,30.09,29.97,10,10,10,6,1,NA,0,NA,16,2015-11-22,406,173,246795.902,1426.56590751445
46,40,33,43,35,28,93,82,66,29.96,29.85,29.73,10,7,4,9,5,NA,0.12,"Rain",13,2015-11-23,407,230,147507.639,641.337560869565
48,44,41,41,32,24,86,63,41,30.14,29.9,29.71,10,8,4,16,6,"28",0.21,"Rain",7,2015-11-24,408,227,151913.64,669.223083700441
48,42,35,31,24,18,76,51,32,30.38,30.28,30.16,10,10,10,7,4,NA,0,NA,13,2015-11-25,409,218,178087.839,816.91669266055
52,41,30,33,29,26,82,65,38,30.47,30.43,30.38,10,10,10,7,2,NA,0,NA,22,2015-11-26,410,111,184783.783,1664.71876576577
48,39,30,32,28,24,85,68,46,30.43,30.39,30.35,10,10,7,8,1,NA,0,NA,18,2015-11-27,411,156,232870.606,1492.76029487179
46,36,26,31,26,21,86,75,50,30.36,30.29,30.22,10,8,2,6,1,NA,0,"Snow",20,2015-11-28,412,203,351633.705,1732.18573891626
39,34,30,34,31,25,93,87,79,30.24,30.21,30.16,3,1,0,7,2,NA,0,"Fog",9,2015-11-29,413,107,139154.842,1300.51254205607
44,36,28,36,29,26,93,81,53,30.17,30.14,30.09,10,4,0,8,3,NA,0.01,"Fog-Rain",16,2015-11-30,414,208,122779.574,590.286413461538
53,47,41,40,35,30,89,69,43,30.19,30.1,29.99,10,9,5,13,3,NA,0.39,"Rain",12,2015-12-01,415,269,181544.399,674.886241635688
53,48,42,41,38,34,89,69,50,30.06,29.96,29.73,10,8,3,14,7,"24",0.06,"Rain",11,2015-12-02,416,256,132660.045,518.20330078125
57,52,48,47,44,41,90,76,59,29.72,29.54,29.4,10,10,6,14,10,"24",0.52,"Rain",9,2015-12-03,417,253,150331.052,594.193881422925
53,49,45,44,41,37,83,74,64,30.13,29.97,29.74,10,10,4,13,8,"18",0.12,"Rain",8,2015-12-04,418,257,186871.527,727.126564202335
50,47,44,49,42,35,100,83,57,30.1,29.92,29.79,10,9,4,8,5,NA,0.81,"Rain",6,2015-12-05,419,71,54645.01,769.648028169014
57,52,48,52,46,40,100,79,55,29.93,29.84,29.74,10,10,7,17,9,"26",0.55,"Rain",9,2015-12-06,420,95,70404.88,741.104
55,52,50,54,48,40,100,87,59,29.89,29.78,29.62,10,7,2,14,7,"21",1.06,"Rain",5,2015-12-07,421,170,97859.976,575.646917647059
63,58,52,57,54,52,100,90,81,29.86,29.67,29.46,10,7,2,20,10,"32",1.51,"Rain",11,2015-12-08,422,169,89282.21,528.297100591716
57,52,46,53,45,41,87,75,62,29.85,29.67,29.44,10,9,3,17,11,"37",0.56,"Rain-Thunderstorm",11,2015-12-09,423,234,145632.846,622.36258974359
55,50,46,45,41,35,86,72,49,29.49,29.32,29.15,10,9,5,22,12,"38",0.63,"Rain-Thunderstorm",9,2015-12-10,424,212,111639.79,526.602783018868
52,48,43,43,41,39,90,81,61,29.84,29.65,29.49,10,10,10,7,2,NA,0.01,"Rain",9,2015-12-11,425,247,160472.288,649.685376518219
51,48,44,44,42,40,93,84,68,29.88,29.61,29.37,10,8,4,22,8,"36",0.56,"Rain",7,2015-12-12,426,58,58320.483,1005.52556896552
48,46,45,43,41,39,87,78,71,29.89,29.62,29.47,10,10,7,30,14,"38",0.11,"Rain",3,2015-12-13,427,68,66459.414,977.344323529412
48,42,36,40,36,33,89,75,58,30.33,30.14,29.91,10,10,9,9,3,NA,0,"Snow",12,2015-12-14,428,260,191755.506,737.521176923076
46,40,33,37,34,32,97,80,56,30.35,30.29,30.16,10,6,0,10,6,NA,0.02,"Fog-Rain",13,2015-12-15,429,239,134561.804,563.02010041841
45,41,37,33,32,30,79,66,56,30.27,30.19,30.05,10,10,8,7,2,NA,0.13,"Rain",8,2015-12-16,430,234,141889.595,606.36579059829
46,42,39,34,32,24,73,67,49,30.02,29.72,29.49,10,7,2,14,6,"17",0.82,"Rain",7,2015-12-17,431,166,84449.834,508.733939759036
50,46,42,33,32,30,67,58,48,29.86,29.71,29.44,10,9,4,14,9,"25",0.54,"Rain",8,2015-12-18,432,223,141748.811,635.644892376682
48,44,39,34,32,31,75,64,52,29.93,29.88,29.78,10,10,10,13,8,"21",0.01,"Rain",9,2015-12-19,433,116,114224.9,984.697413793103
48,46,43,33,32,32,65,59,54,29.8,29.72,29.62,10,10,7,18,13,"29",0.19,"Rain",5,2015-12-20,434,89,93503.5930000001,1050.60216853933
45,42,39,43,37,30,100,83,58,29.74,29.4,29.14,10,8,2,13,6,"17",0.83,"Rain",6,2015-12-21,435,123,73380.03,596.585609756098
46,42,39,41,37,33,100,78,61,29.61,29.51,29.41,10,10,9,18,6,"26",0.12,"Rain",7,2015-12-22,436,168,112683.879,670.737375
43,41,39,41,37,35,96,83,76,29.57,29.52,29.47,10,10,10,20,11,"30",0.09,"Rain",4,2015-12-23,437,118,90927.338,770.57066101695
43,41,39,39,37,36,93,85,76,29.93,29.71,29.52,10,10,8,13,7,"20",0.11,"Rain",4,2015-12-24,438,96,86023.786,896.081104166667
41,38,36,38,37,35,100,94,86,30.52,30.21,29.94,10,10,6,7,4,NA,0.05,"Rain",5,2015-12-25,439,73,112738.186,1544.35871232877
41,38,35,37,32,26,100,81,58,30.57,30.47,30.27,10,10,7,8,4,NA,0,NA,6,2015-12-26,440,64,79288.915,1238.889296875
42,40,37,37,33,27,96,81,60,30.24,30.09,30.02,10,9,7,9,3,NA,0.32,"Rain",5,2015-12-27,441,30,16184.51,539.483666666667
42,40,37,39,37,35,100,91,79,30.17,30.12,30.05,10,9,6,7,2,NA,0.03,"Rain",5,2015-12-28,442,149,110371.345,740.747281879195
45,40,33,38,36,31,100,87,65,30.25,30.16,30.13,10,9,6,12,2,NA,0,NA,12,2015-12-29,443,180,184925.36,1027.36311111111
43,36,30,28,26,23,88,72,45,30.5,30.41,30.26,10,10,10,7,1,NA,0,NA,13,2015-12-30,444,154,103149.16,669.79974025974
43,35,27,27,23,22,89,70,43,30.58,30.53,30.51,10,10,10,6,1,NA,0,NA,16,2015-12-31,445,208,296189.996,1423.99036538461
44,34,25,30,25,21,92,76,43,30.49,30.38,30.27,10,10,6,5,1,NA,0,NA,19,2016-01-01,446,126,170758.562,1355.22668253968
44,34,23,30,23,13,96,73,33,30.26,30.19,30.11,10,9,6,8,2,NA,0,NA,21,2016-01-02,447,99,225503.22,2277.8103030303
39,34,28,34,26,14,87,67,35,30.09,29.96,29.86,10,9,3,14,4,NA,0.01,"Rain-Snow",11,2016-01-03,448,58,55461.309,956.229465517242
39,38,37,34,33,32,87,83,76,29.84,29.77,29.67,10,6,2,8,1,NA,0.07,"Rain",2,2016-01-04,449,159,87460.798,550.067911949686
44,40,37,39,33,32,100,73,63,29.6,29.58,29.56,10,8,5,5,1,NA,0.11,"Rain",7,2016-01-05,450,156,81615.506,523.176320512821
51,43,35,42,39,35,100,90,66,29.76,29.65,29.59,10,9,2,7,1,NA,0,NA,16,2016-01-06,451,229,173427.074,757.323467248909
45,38,32,41,37,32,100,93,81,30.03,29.91,29.77,10,6,0,6,2,NA,0,"Fog",13,2016-01-07,452,258,192157.653,744.797104651163
48,39,30,42,38,30,100,93,74,30.08,30.04,30.01,10,6,0,7,1,NA,0,"Fog",18,2016-01-08,453,309,275451.313,891.428197411003
48,39,30,41,36,30,100,92,66,30.22,30.1,30.01,10,5,0,6,1,NA,0,"Fog",18,2016-01-09,454,147,222110.173,1510.95355782313
51,43,32,39,32,25,93,69,50,30.27,30.21,30.15,10,10,9,8,2,NA,0,NA,19,2016-01-10,455,183,309293.079,1690.1261147541
45,38,30,42,35,25,100,85,65,30.17,30.14,30.12,10,10,8,10,3,NA,0.09,"Rain",15,2016-01-11,456,170,97355.068,572.676870588235
48,42,37,44,42,36,96,88,77,30.14,29.85,29.53,10,9,5,16,5,"26",0.52,"Rain",11,2016-01-12,457,150,80247.634,534.984226666667
55,48,42,49,45,41,100,89,74,30.03,29.77,29.54,10,8,3,22,8,"30",0.57,"Rain",13,2016-01-13,458,181,128813.039,711.674248618784
48,42,35,41,37,33,97,85,68,30.06,29.94,29.79,10,10,10,9,5,NA,0,NA,13,2016-01-14,459,256,185887.085,726.12142578125
48,40,32,45,39,32,100,92,86,30.01,29.94,29.86,10,9,4,7,4,NA,0.04,"Rain-Snow",16,2016-01-15,460,194,118988.184,613.341154639176
53,48,43,48,45,40,100,89,83,29.97,29.79,29.65,10,9,3,15,5,"26",0.41,"Rain",10,2016-01-16,461,52,37543.102,721.98273076923
50,46,42,47,43,40,97,91,82,29.95,29.81,29.68,10,10,7,13,5,NA,0.32,"Rain",8,2016-01-17,462,62,59357.556,957.379935483871
54,48,42,44,42,37,100,81,59,30,29.94,29.85,10,10,10,15,5,"22",0.05,"Rain",12,2016-01-18,463,194,164495.41,847.914484536083
46,44,41,44,41,37,97,89,76,29.93,29.77,29.59,10,8,4,10,3,NA,0.46,"Rain",5,2016-01-19,464,185,114819.655,620.646783783784
52,46,41,44,42,40,100,84,63,30.2,30.09,29.93,10,10,7,10,5,NA,0.2,"Rain",11,2016-01-20,465,207,115877.102,559.792763285024
51,48,45,49,47,44,100,95,86,29.97,29.84,29.69,10,8,5,8,3,NA,1.27,"Rain",6,2016-01-21,466,106,57068.116,538.378452830188
55,50,46,50,46,42,97,85,67,29.93,29.81,29.64,10,10,6,17,8,"25",0.27,"Rain",9,2016-01-22,467,243,227617.053,936.695691358025
46,45,44,46,44,40,100,94,79,29.97,29.8,29.71,10,8,4,8,2,NA,0.53,"Rain",2,2016-01-23,468,45,24659.657,547.992377777778
50,44,37,44,40,37,100,82,61,30.19,30.11,29.99,10,10,10,8,5,NA,0,NA,13,2016-01-24,469,135,233883.384,1732.46951111111
54,45,36,42,39,35,97,81,59,30.26,30.23,30.19,10,10,10,6,2,NA,0,NA,18,2016-01-25,470,272,215964.581,793.987430147059
55,50,46,54,49,39,100,91,66,30.27,30.24,30.2,10,9,2,12,4,NA,0.27,"Rain",9,2016-01-26,471,165,133446.939,808.769327272727
57,54,50,54,52,49,100,94,87,30.24,30.13,29.92,10,9,5,10,5,NA,0.8,"Rain",7,2016-01-27,472,194,120423.689,620.740664948454
55,50,46,54,48,43,100,86,64,30.07,29.91,29.79,10,9,5,13,9,"23",0.52,"Rain",9,2016-01-28,473,210,156720.961,746.290290476191
50,47,44,43,41,37,93,80,68,30,29.76,29.6,10,10,8,20,6,"28",0.18,"Rain",6,2016-01-29,474,185,137532.896,743.421059459459
46,42,39,39,37,36,93,81,68,30.02,29.95,29.86,10,10,7,15,9,"21",0.02,"Rain",7,2016-01-30,475,139,175397.194,1261.85031654676
46,42,37,39,37,34,89,80,71,30.13,30.05,30.02,10,10,10,12,7,"17",0,NA,9,2016-01-31,476,93,86544.2,930.582795698925
45,41,37,40,39,37,97,88,74,30.21,30.18,30.13,10,10,6,9,5,NA,0.25,"Rain",8,2016-02-01,477,216,148831.789,689.036060185186
50,42,35,40,36,31,100,82,48,30.22,30.2,30.18,10,9,0,8,2,NA,0.02,"Fog-Rain",15,2016-02-02,478,289,220786.563,763.967346020761
48,44,41,44,39,35,97,83,59,30.22,30.1,29.95,10,9,6,16,6,"23",0.48,"Rain",7,2016-02-03,479,179,104236.728,582.328089385475
48,46,45,46,44,41,93,87,80,30.4,30.32,30.14,10,10,10,16,10,"25",0.05,"Rain",3,2016-02-04,480,216,154897.522,717.118157407407
53,48,42,45,43,40,100,84,64,30.35,30.18,29.99,10,10,5,21,5,"32",0.15,"Rain",11,2016-02-05,481,240,217607.808,906.6992
48,42,36,41,40,35,100,82,71,30.51,30.43,30.25,10,10,9,16,9,"22",0,NA,12,2016-02-06,482,143,223663.157,1564.07802097902
50,43,36,41,38,36,100,84,61,30.57,30.54,30.5,10,10,10,9,2,NA,0,NA,14,2016-02-07,483,110,150259.622,1365.99656363636
57,48,39,44,41,37,97,81,59,30.51,30.41,30.28,10,10,10,8,2,NA,0,NA,18,2016-02-08,484,275,258042.201,938.335276363636
62,50,39,47,42,37,100,83,55,30.26,30.18,30.1,10,7,0,10,2,NA,0,"Fog",23,2016-02-09,485,255,211590.75,829.767647058824
55,50,44,52,45,39,100,81,63,30.31,30.21,30.08,10,10,4,10,5,"23",0.16,"Rain",11,2016-02-10,486,224,176295.506,787.033508928571
55,50,44,52,47,43,100,89,72,30.29,30.15,30.08,10,8,3,8,3,NA,0.37,"Rain",11,2016-02-11,487,190,117460.712,618.214273684211
57,52,48,54,49,43,100,89,62,30.2,30.11,30.06,10,8,2,17,7,"28",0.86,"Rain",9,2016-02-12,488,235,190223.226,809.460536170213
51,48,46,47,44,41,100,89,71,30.29,30.19,30.08,10,9,3,15,10,"22",0.36,"Rain",5,2016-02-13,489,94,111121.245,1182.14090425532
55,NA,55,50,50,50,82,82,82,30.12,30.12,30.12,10,10,10,23,23,NA,0,NA,0,2016-02-14,490,110,160619.717,1460.17924545455
57,54,51,49,48,46,92,84,67,30.01,30,29.98,10,8,4,13,9,"25",0.12,"Rain",6,2016-02-15,491,88,56677.659,644.064306818182
55,53,50,49,48,46,92,86,75,30.05,29.95,29.71,10,10,10,13,7,"26",0.01,"Rain",5,2016-02-16,492,228,223001.882,978.078429824561
57,52,48,50,47,45,96,85,67,29.69,29.37,29.17,10,9,6,9,4,"18",0.46,"Rain",9,2016-02-17,493,204,148913.083,729.966093137255
52,49,46,46,43,39,100,82,63,29.73,29.45,29.27,10,10,7,16,8,"28",0.12,"Rain",6,2016-02-18,494,238,180502.212,758.412655462186
51,46,42,46,43,39,96,87,77,30.14,29.79,29.58,10,9,7,15,7,"24",0.49,"Rain",9,2016-02-19,495,167,91409.312,547.361149700599
52,44,37,39,37,35,96,74,54,30.4,30.32,30.18,10,10,10,13,8,"20",0,"Rain",15,2016-02-20,496,246,565707.488,2299.62393495935
51,42,34,43,39,34,100,87,71,30.36,30.23,30.12,10,10,7,14,3,"23",0.07,"Rain",17,2016-02-21,497,149,249178.112,1672.33632214765
51,46,41,41,39,38,93,82,63,30.44,30.4,30.36,10,10,10,10,6,NA,0.01,"Rain",10,2016-02-22,498,231,183258.064,793.324952380952
60,48,37,38,33,28,96,61,32,30.35,30.19,30.07,10,10,10,13,4,NA,0,NA,23,2016-02-23,499,278,197438.508,710.210460431654
57,50,44,50,40,34,100,69,41,30.25,30.2,30.12,10,10,7,6,1,NA,0.02,"Rain",13,2016-02-24,500,226,128802.173,569.921119469026
61,50,39,45,42,39,100,80,49,30.25,30.18,30.09,10,9,1,7,1,NA,0,"Fog-Rain",22,2016-02-25,501,279,232232.514,832.374602150537
60,51,42,50,45,41,96,84,49,30.08,29.98,29.93,10,10,6,9,3,NA,0.15,"Rain",18,2016-02-26,502,245,278556.912,1136.9669877551
57,52,46,49,47,42,100,87,60,30.14,30.07,29.96,10,9,4,10,2,NA,0.08,"Rain",11,2016-02-27,503,170,362226.207,2130.74239411765
52,48,44,47,43,40,93,86,77,30.2,29.99,29.79,10,9,5,16,6,"31",0.68,"Rain",8,2016-02-28,504,59,133543.302,2263.44579661017
53,48,44,45,41,38,96,76,57,30.24,30.16,30.01,10,10,8,10,6,NA,0.12,"Rain",9,2016-02-29,505,202,111349.41,551.234702970297
55,50,45,49,44,39,100,86,63,29.98,29.75,29.55,10,9,4,23,6,"34",0.71,"Rain",10,2016-03-01,506,150,76174.376,507.829173333333
54,50,46,49,44,38,97,80,55,30.02,29.91,29.74,10,9,4,20,11,"29",0.27,"Rain",8,2016-03-02,507,263,226427.224,860.940015209125
57,52,48,50,45,41,96,76,55,30.01,29.96,29.83,10,10,9,16,8,"25",0.03,"Rain",9,2016-03-03,508,212,162569.737,766.838382075471
57,48,39,48,43,38,97,84,55,29.94,29.79,29.51,10,10,7,9,2,NA,0.21,"Rain",18,2016-03-04,509,206,159937.432,776.395300970874
63,56,48,52,49,45,93,75,54,29.65,29.46,29.17,10,10,9,18,6,NA,0.2,"Rain",15,2016-03-05,510,248,500966.381,2020.02572983871
60,52,45,48,44,42,93,82,64,29.61,29.53,29.23,10,9,2,14,9,"26",0.39,"Rain",15,2016-03-06,511,96,105473.643,1098.68378125
52,48,41,44,41,39,100,84,66,30.04,29.82,29.55,10,10,4,18,8,"25",0.26,"Rain",11,2016-03-07,512,189,173244.386,916.636962962963
53,46,39,43,38,35,93,75,52,30.04,29.94,29.85,10,10,8,9,7,"20",0.03,"Rain",14,2016-03-08,513,236,184345.228,781.123847457627
55,48,43,50,44,42,97,88,71,29.9,29.65,29.36,10,9,4,16,7,"30",0.97,"Rain",12,2016-03-09,514,168,134487.602,800.52144047619
55,48,39,52,43,39,100,80,57,29.97,29.74,29.38,10,10,6,22,13,"38",0.32,"Rain",16,2016-03-10,515,190,133739.224,703.890652631579
55,46,36,48,43,36,100,90,59,29.93,29.63,29.49,10,9,4,8,3,NA,0.35,"Fog-Rain",19,2016-03-11,516,185,184576.804,997.712454054054
51,46,39,48,41,37,100,81,63,29.76,29.64,29.5,10,10,8,18,9,"28",0.2,"Rain",12,2016-03-12,517,112,137102.1,1224.12589285714
53,47,41,44,40,38,96,82,59,29.72,29.48,29.23,10,9,5,29,9,"52",0.52,"Rain",12,2016-03-13,518,68,68943.343,1013.87269117647
48,44,41,42,39,38,89,86,71,30.11,29.86,29.6,10,10,7,15,11,"25",0.06,"Rain-Thunderstorm",7,2016-03-14,519,151,117319.172,776.948158940397
51,46,41,40,38,37,86,77,59,30.27,30.23,30.14,10,10,10,12,8,"22",0,NA,10,2016-03-15,520,250,265322.072,1061.288288
53,47,42,41,37,32,93,71,47,30.36,30.33,30.28,10,10,10,9,2,NA,0,NA,11,2016-03-16,521,288,221194.676,768.037069444445
57,47,37,38,33,26,93,65,33,30.36,30.29,30.18,10,10,10,14,3,"20",0,NA,20,2016-03-17,522,286,254290.251,889.126751748252
63,52,42,27,24,22,53,33,23,30.17,30.06,30,10,10,10,20,8,"26",0,NA,21,2016-03-18,523,299,349287.24,1168.18474916388
61,54,48,45,38,24,69,53,31,30.06,30,29.92,10,10,10,8,3,NA,0,NA,13,2016-03-19,524,289,592903.718,2051.56995847751
55,52,48,51,48,41,96,86,66,29.91,29.82,29.76,10,10,9,13,2,NA,0.08,"Rain",7,2016-03-20,525,157,153854.418,979.964445859873
55,50,46,48,47,44,100,89,77,29.83,29.77,29.69,10,10,6,9,6,"20",0.28,"Rain",9,2016-03-21,526,173,166938.198,964.960682080925
57,50,45,46,44,42,93,81,62,30.22,30.02,29.83,10,10,8,12,7,"18",0.01,"Rain",12,2016-03-22,527,256,228570.976,892.855375
53,50,48,48,45,43,97,84,74,30.27,30.18,30,10,9,2,15,11,"25",0.13,"Rain",5,2016-03-23,528,244,305938.046,1253.84445081967
54,49,45,43,40,38,86,76,59,30.21,30.15,30.05,10,10,10,16,10,"24",0,"Rain",9,2016-03-24,529,315,333843.545,1059.82077777778
57,50,44,41,38,32,85,68,42,30.25,30.21,30.18,10,10,10,8,4,"20",0,NA,13,2016-03-25,530,314,388835.245,1238.32880573248
59,50,41,46,39,33,93,66,39,30.17,30.01,29.85,10,10,8,8,2,NA,0.04,"Rain",18,2016-03-26,531,291,671044.685,2305.99548109966
51,47,39,49,44,38,100,88,71,30.12,29.95,29.82,10,9,2,16,9,"34",0.48,"Rain",12,2016-03-27,532,77,71022.061,922.364428571429
55,46,37,42,40,38,100,81,59,30.22,30.19,30.14,10,10,10,10,3,NA,0,"Rain",18,2016-03-28,533,249,218018.971,875.578196787149
64,50,37,43,39,36,100,74,38,30.21,30.15,30.06,10,9,1,12,4,"20",0,NA,27,2016-03-29,534,325,337100.851,1037.23338769231
68,54,43,45,42,39,93,64,37,30.11,30.07,30.03,10,10,10,8,2,NA,0,NA,25,2016-03-30,535,318,321605.86,1011.33918238994
73,59,46,47,45,43,90,64,35,30.14,30.1,30.06,10,10,10,7,1,NA,0,NA,27,2016-03-31,536,368,433362.363,1177.61511684783
71,58,46,50,48,45,93,69,44,30.19,30.15,30.1,10,10,10,8,3,NA,0,NA,25,2016-04-01,537,465,772832.902,1662.00624086021
63,54,48,49,47,45,100,80,58,30.19,30.15,30.1,10,10,10,12,4,NA,0,NA,15,2016-04-02,538,351,634231.166,1806.9263988604
69,58,46,51,47,38,97,71,42,30.13,30.02,29.89,10,10,5,13,3,"20",0.12,"Rain",23,2016-04-03,539,308,652919.866,2119.86969480519
60,54,46,50,43,40,92,72,51,30.45,30.22,30.02,10,10,5,18,12,"30",0.17,"Rain",14,2016-04-04,540,271,209990.17,774.87147601476
57,52,46,46,44,42,86,77,64,30.57,30.51,30.45,10,10,10,14,8,"21",0,NA,11,2016-04-05,541,323,271589.429,840.834145510836
68,56,45,47,44,40,90,67,38,30.5,30.37,30.2,10,10,10,12,4,"17",0,NA,23,2016-04-06,542,312,263878.951,845.765868589744
77,63,51,51,49,46,89,65,37,30.18,29.99,29.86,10,10,10,10,4,NA,0,NA,26,2016-04-07,543,343,370743.605,1080.8851457726
75,64,52,52,48,42,89,64,34,29.91,29.87,29.81,10,10,10,8,2,NA,0,NA,23,2016-04-08,544,388,482463.828,1243.4634742268
66,55,46,50,47,44,100,73,48,29.88,29.84,29.79,10,10,10,6,2,NA,0,NA,20,2016-04-09,545,385,867785.722,2253.98888831169
59,52,48,45,43,42,86,71,57,30.04,29.95,29.87,10,10,10,9,7,NA,0,NA,11,2016-04-10,546,232,500186.644,2155.97691379311
57,54,50,44,42,39,80,67,51,30.14,30.09,30.04,10,10,10,10,6,NA,0,NA,7,2016-04-11,547,240,167123.796,696.34915
60,52,46,48,44,41,97,79,59,30.14,30.11,30.07,10,9,4,16,8,"23",0.44,"Rain",14,2016-04-12,548,203,135931.28,669.612216748769
59,52,46,46,42,37,97,73,44,30.14,29.98,29.68,10,10,10,13,6,"17",0,"Rain",13,2016-04-13,549,261,160797.516,616.08243678161
59,52,45,46,42,38,93,73,49,30.07,29.81,29.7,10,10,6,14,6,"32",0.2,"Rain",14,2016-04-14,550,290,332153.722,1145.35766206897
60,54,48,47,43,39,90,70,48,30.35,30.27,30.1,10,10,10,14,6,"17",0,NA,12,2016-04-15,551,248,219786.057,886.234100806452
68,56,43,45,41,35,89,62,31,30.36,30.32,30.27,10,10,10,8,4,NA,0,NA,25,2016-04-16,552,403,952234.849,2362.86563027295
77,64,50,50,47,44,83,61,33,30.3,30.18,30.08,10,10,10,10,3,NA,0,NA,27,2016-04-17,553,300,893917.139,2979.72379666667
89,70,52,62,50,45,89,53,27,30.1,30.05,29.98,10,10,10,9,2,NA,0,NA,37,2016-04-18,554,323,449869.109,1392.78361919505
81,68,55,52,50,47,83,54,31,30.02,29.95,29.85,10,10,10,9,3,NA,0,NA,26,2016-04-19,555,349,370485.628,1061.56340401146
81,67,55,55,52,50,87,62,37,29.87,29.81,29.71,10,10,10,9,2,NA,0,NA,26,2016-04-20,556,342,374591.554,1095.29694152047
73,63,53,53,50,42,89,65,34,29.85,29.76,29.64,10,10,10,12,8,NA,0,"Rain",20,2016-04-21,557,311,332652.371,1069.62177170418
64,58,54,52,51,49,84,77,63,29.94,29.74,29.62,10,10,10,15,6,"18",0.02,"Rain",10,2016-04-22,558,262,223177.249,851.821561068702
64,58,53,52,49,46,86,75,52,30.05,30,29.94,10,10,5,13,9,"22",0.02,"Rain",11,2016-04-23,559,167,267556.907,1602.13716766467
55,51,48,49,46,42,93,83,66,30.17,30.07,29.99,10,9,5,10,6,"18",0.27,"Rain",7,2016-04-24,560,86,99624.994,1158.4301627907
59,52,46,46,42,33,100,76,42,30.23,30.2,30.17,10,10,8,7,2,NA,0.1,NA,13,2016-04-25,561,234,230313.623,984.246252136752
60,52,43,44,41,37,93,69,44,30.2,30.1,30.01,10,10,10,8,4,NA,0,NA,17,2016-04-26,562,301,302215.868,1004.03942857143
61,56,51,47,44,40,80,67,46,30.06,30.02,30,10,10,10,12,2,NA,0,NA,10,2016-04-27,563,282,208644.11,739.872730496454
64,58,53,50,47,43,86,71,52,30.12,30.09,30.06,10,10,10,7,3,NA,0,NA,11,2016-04-28,564,279,270684.053,970.193738351254
61,55,50,49,46,43,96,74,53,30.25,30.14,30.08,10,10,5,8,4,NA,0.04,"Rain",11,2016-04-29,565,285,281365.781,987.248354385965
68,56,45,47,44,40,97,64,37,30.38,30.32,30.26,10,10,10,12,3,"18",0,NA,23,2016-04-30,566,485,824296.042000001,1699.57946804124
77,63,51,50,46,42,86,56,30,30.29,30.1,29.93,10,10,10,13,3,"20",0,NA,26,2016-05-01,567,456,1153848.362,2530.36921491228
87,70,54,52,47,41,80,48,26,29.96,29.93,29.86,10,10,10,8,3,NA,0,NA,33,2016-05-02,568,415,507641.088,1223.2315373494
73,65,57,55,52,45,84,65,47,30.1,30.03,29.97,10,10,10,9,3,"17",0,NA,16,2016-05-03,569,442,538722.015000001,1218.8280882353
60,56,54,50,47,44,80,72,58,30.11,30.05,29.99,10,10,10,14,5,NA,0,NA,6,2016-05-04,570,340,249226.739,733.019820588235
68,60,52,50,48,45,83,65,52,30.07,30.03,30,10,10,10,9,4,"20",0,NA,16,2016-05-05,571,432,576086.822,1333.53431018519
77,66,54,49,44,37,77,48,24,30.1,30.03,29.97,10,10,10,14,3,"20",0,NA,23,2016-05-06,572,407,494729.07,1215.55054054054
82,68,54,52,47,39,72,50,26,29.97,29.91,29.83,10,10,10,9,2,NA,0,NA,28,2016-05-07,573,402,863660,2148.407960199
63,56,50,50,46,42,100,72,46,30.01,29.96,29.9,10,9,2,13,7,"16",0.02,"Rain",13,2016-05-08,574,169,303914.048,1798.30797633136
66,57,48,47,44,38,90,64,37,30.18,30.11,30.01,10,10,10,8,5,NA,0,NA,18,2016-05-09,575,341,276994.042,812.299243401759
75,60,46,46,39,31,86,49,23,30.27,30.21,30.15,10,10,10,12,3,"17",0,NA,29,2016-05-10,576,361,367181.582,1017.12349584488
81,66,52,55,43,34,74,45,25,30.17,30.04,29.92,10,10,10,8,4,NA,0,NA,29,2016-05-11,577,352,343353.539,975.436190340909
77,64,52,49,45,39,80,53,29,30.04,30,29.96,10,10,10,6,3,NA,0,NA,25,2016-05-12,578,392,369242.62,941.945459183674
82,68,54,51,49,48,86,56,30,30.02,29.95,29.86,10,10,10,12,5,"18",0,NA,28,2016-05-13,579,470,548435.159,1166.88331702128
64,59,54,53,52,50,90,83,58,30,29.96,29.89,10,10,9,10,5,NA,0,NA,10,2016-05-14,580,191,394745.165,2066.72861256544
57,56,54,55,53,51,97,91,86,30.1,30.03,29.98,10,10,6,8,6,NA,0,NA,3,2016-05-15,581,135,228748.873,1694.4360962963
60,56,52,53,50,49,100,82,69,30.27,30.21,30.09,10,8,3,6,3,NA,0,NA,8,2016-05-16,582,256,224629.197,877.45780078125
71,61,53,51,49,47,86,64,47,30.3,30.24,30.17,10,10,10,9,4,NA,0,NA,18,2016-05-17,583,411,392355.994,954.637454987834
64,60,54,53,50,45,87,74,63,30.17,30.06,29.97,10,10,10,8,2,NA,0,NA,10,2016-05-18,584,336,249183.933,741.618848214286
63,55,48,50,48,43,97,83,52,29.97,29.92,29.86,10,9,4,13,7,"20",0.22,"Rain",15,2016-05-19,585,308,283971.696,921.986025974026
66,58,51,50,46,39,96,69,38,29.88,29.81,29.75,10,10,10,12,6,"18",0,NA,15,2016-05-20,586,583,678456.56,1163.73337907376
59,56,52,51,38,28,90,56,32,29.9,29.82,29.74,10,9,4,10,3,NA,0.04,"Rain",7,2016-05-21,587,160,241716.017,1510.72510625
66,60,54,50,48,44,86,70,52,29.94,29.91,29.9,10,10,10,14,9,"21",0,NA,12,2016-05-22,588,355,655305.488,1845.93095211268
64,59,54,50,48,45,83,69,52,29.95,29.94,29.93,10,10,10,10,6,NA,0,NA,10,2016-05-23,589,349,277757.781,795.867567335243
66,62,57,52,51,49,78,70,56,30.03,29.99,29.94,10,10,10,6,3,NA,0,NA,9,2016-05-24,590,307,253467.576,825.627283387622
66,60,55,52,50,45,84,72,61,30.21,30.14,30.04,10,10,10,12,4,"17",0,NA,11,2016-05-25,591,333,320482.092,962.408684684685
64,58,53,49,45,42,83,67,53,30.21,30.18,30.13,10,10,6,12,9,"17",0,NA,11,2016-05-26,592,286,224847.376,786.179636363636
64,57,51,49,44,37,83,67,38,30.17,30.14,30.11,10,10,10,12,7,NA,0.02,"Rain",13,2016-05-27,593,276,396065.993,1435.02171376811
64,56,50,56,48,31,96,78,37,30.13,30.08,30.03,10,10,4,14,9,"23",0.03,"Rain",14,2016-05-28,594,217,414056.771,1908.09571889401
64,58,53,53,49,41,93,76,48,30.26,30.14,30.04,10,9,3,14,7,NA,0,NA,11,2016-05-29,595,253,392057.11,1549.6328458498
71,60,48,48,45,43,86,59,38,30.32,30.26,30.18,10,10,10,14,4,"16",0,NA,23,2016-05-30,596,363,692087.592,1906.57738842975
79,66,55,50,48,45,80,54,33,30.17,30.06,29.95,10,10,10,7,2,NA,0,NA,24,2016-05-31,597,387,328251.343,848.194684754522
75,66,59,58,52,45,90,61,48,29.97,29.94,29.89,10,10,10,12,4,"17",0,NA,16,2016-06-01,598,388,372675.291,960.503327319587
71,64,59,57,54,51,90,75,51,30.19,30.05,29.92,10,10,10,18,10,"24",0,NA,12,2016-06-02,599,419,433818.492,1035.36632935561
80,68,57,54,53,52,87,60,38,30.26,30.21,30.16,10,10,10,12,3,"17",0,NA,23,2016-06-03,600,423,529446.638,1251.64689834515
81,72,63,54,45,35,67,39,29,30.16,30.05,29.93,10,10,10,12,5,"20",0,NA,18,2016-06-04,601,332,669329.688,2016.05327710843
91,78,66,61,56,52,65,46,34,29.92,29.88,29.83,10,10,10,9,2,NA,0,NA,25,2016-06-05,602,399,723846.939,1814.15272932331
86,74,64,56,52,46,65,46,33,29.94,29.88,29.83,10,10,10,12,3,"20",0,NA,22,2016-06-06,603,422,524789.069,1243.575992891
84,72,59,53,49,44,75,46,32,29.86,29.81,29.75,10,10,10,7,4,NA,0,NA,25,2016-06-07,604,435,632564.735,1454.1718045977
66,62,57,52,49,47,75,62,51,29.96,29.87,29.76,10,10,10,15,7,"22",0,"Rain",9,2016-06-08,605,352,291559.494,828.294017045455
64,59,54,54,47,40,90,67,43,29.97,29.93,29.87,10,10,3,12,7,NA,0.06,"Rain",10,2016-06-09,606,383,343823.233,897.710791122715
66,58,52,52,48,42,89,73,45,30.1,30.01,29.9,10,10,10,14,8,"22",0.01,"Rain",14,2016-06-10,607,337,300087.345,890.466899109792
64,58,52,54,50,47,93,79,54,30.28,30.19,30.1,10,10,6,9,6,NA,0.1,"Rain",12,2016-06-11,608,425,759962.744,1788.14763294118
70,62,55,49,46,43,74,57,40,30.29,30.24,30.13,10,10,10,7,4,NA,0,NA,15,2016-06-12,609,365,779841.209,2136.55125753425
66,60,54,51,47,43,86,67,47,30.11,30.01,29.95,10,10,10,17,7,"24",0,"Rain",12,2016-06-13,610,340,270967.031,796.961855882354
60,54,48,47,45,42,86,73,53,29.98,29.94,29.91,10,10,10,21,10,"28",0.05,"Rain",12,2016-06-14,611,351,280078.979,797.945809116809
66,56,45,47,42,38,90,63,36,29.98,29.95,29.9,10,10,10,10,7,"16",0,NA,21,2016-06-15,612,406,442852.917,1090.77073152709
71,61,53,47,44,37,80,58,31,30.18,30.07,29.98,10,10,10,10,7,NA,0,NA,18,2016-06-16,613,483,622188.561,1288.17507453416
66,60,53,53,48,45,90,69,45,30.17,30.12,30.07,10,10,3,14,3,"22",0.22,"Rain",13,2016-06-17,614,427,421486.308,987.08737236534
64,60,55,54,51,45,96,79,58,30.37,30.17,30.05,10,10,7,14,5,"18",0.16,"Rain",9,2016-06-18,615,250,480798.083,1923.192332
70,58,48,48,46,43,90,63,40,30.41,30.34,30.22,10,10,10,12,7,"22",0,NA,22,2016-06-19,616,415,778212.212,1875.21014939759
75,66,57,55,52,43,93,67,32,30.21,30.17,30.11,10,10,5,14,5,"25",0.29,"Rain-Thunderstorm",18,2016-06-20,617,435,500073.356,1149.59392183908
73,64,55,56,53,50,96,74,48,30.31,30.24,30.16,10,10,6,15,9,NA,0.34,"Rain",18,2016-06-21,618,424,446126.631,1052.1854504717
75,65,57,52,50,48,83,61,40,30.15,30.06,29.96,10,10,10,12,4,NA,0,"Rain",18,2016-06-22,619,392,419450.981,1070.0280127551
68,62,55,58,55,52,100,87,61,30.1,30.01,29.97,10,8,2,14,7,"24",0.34,"Rain",13,2016-06-23,620,259,180124.734,695.462293436293
69,60,53,58,54,52,97,80,61,30.28,30.2,30.12,10,10,8,15,7,"21",0.09,"Rain",16,2016-06-24,621,321,437287.602,1362.2666728972
71,64,57,53,52,49,87,68,51,30.3,30.26,30.2,10,10,9,9,6,"16",0,NA,14,2016-06-25,622,450,964834.484,2144.07663111111
78,67,57,57,54,51,83,63,47,30.23,30.17,30.09,10,10,10,13,4,"20",0,NA,21,2016-06-26,623,356,855020.751,2401.74368258427
84,73,62,57,54,50,75,55,34,30.17,30.13,30.1,10,10,10,13,4,NA,0,NA,22,2016-06-27,624,337,441139.296,1309.01868249258
79,66,55,58,55,53,93,75,46,30.23,30.18,30.11,10,10,10,9,6,NA,0,NA,24,2016-06-28,625,378,427215.561,1130.1998968254
73,65,57,58,56,55,93,80,57,30.22,30.18,30.14,10,10,10,9,5,NA,0,NA,16,2016-06-29,626,430,433208.545,1007.46173255814
73,65,57,56,54,52,87,73,48,30.25,30.19,30.12,10,10,10,8,5,NA,0,NA,16,2016-06-30,627,414,506501.014,1223.43240096618
75,66,57,56,54,52,87,73,48,30.14,30.1,30.05,10,10,10,8,3,NA,0,NA,18,2016-07-01,628,403,495351.416,1229.15984119107
75,69,61,60,57,54,84,70,55,30.05,30.03,29.99,10,10,10,8,4,NA,0,NA,14,2016-07-02,629,540,1121710.616,2077.24188148148
71,64,57,56,53,49,87,72,53,30.17,30.12,30.05,10,10,10,9,5,NA,0,NA,14,2016-07-03,630,481,829334.068,1724.18725155925
68,62,57,56,52,50,82,72,54,30.17,30.14,30.12,10,10,10,9,7,NA,0,"Rain",11,2016-07-04,631,589,1282704.942,2177.76730390492
69,63,57,55,52,50,84,72,53,30.14,30.11,30.07,10,10,10,8,5,"21",0,NA,12,2016-07-05,632,340,331183.677,974.069638235294
75,66,57,55,53,48,84,63,38,30.08,30.04,29.95,10,10,10,9,3,NA,0,NA,18,2016-07-06,633,356,475659.712,1336.12278651685
68,64,60,61,56,52,96,78,65,29.95,29.92,29.88,10,10,4,13,6,"18",0.06,"Rain",8,2016-07-07,634,338,414806.419,1227.2379260355
73,66,60,60,58,55,100,82,55,29.93,29.89,29.87,10,9,3,10,6,"18",0.14,"Rain",13,2016-07-08,635,488,688870.31,1411.61948770492
71,64,57,58,54,51,100,75,53,30.01,29.97,29.89,10,10,6,10,6,"17",0.07,"Rain",14,2016-07-09,636,399,661410.755,1657.67106516291
73,66,59,57,55,52,90,72,48,30.08,30.02,29.98,10,10,10,10,3,NA,0,NA,14,2016-07-10,637,343,813813.612999999,2372.63444023323
73,64,57,56,52,45,84,68,47,30.12,30.06,29.98,10,10,10,12,7,NA,0,NA,16,2016-07-11,638,470,581007.975,1236.18718085106
77,68,60,57,54,52,80,64,43,30.16,30.03,29.96,10,10,10,13,3,"18",0,NA,17,2016-07-12,639,429,545577.505,1271.74243589744
75,68,60,53,50,46,78,59,37,30.25,30.22,30.17,10,10,10,12,4,NA,0,NA,15,2016-07-13,640,483,496604.207,1028.16606004141
77,66,57,58,52,49,78,62,38,30.26,30.21,30.14,10,10,10,17,5,"22",0,NA,20,2016-07-14,641,542,672345.014,1240.48895571956
75,66,57,53,51,48,84,60,38,30.19,30.14,30.08,10,10,10,8,3,NA,0,NA,18,2016-07-15,642,479,662593.643999999,1383.28526931106
72,66,59,53,52,51,75,62,49,30.1,30.06,30.01,10,10,10,10,6,NA,0,NA,13,2016-07-16,643,376,767175.844,2040.36128723404
80,70,60,56,54,53,80,60,40,30,29.95,29.89,10,10,10,10,2,NA,0,NA,20,2016-07-17,644,383,902461.221,2356.29561618799
73,67,62,57,55,53,78,69,57,30.06,29.98,29.92,10,10,10,10,4,NA,0,NA,11,2016-07-18,645,406,567381.442,1397.4912364532
78,70,62,55,53,50,75,59,40,30.11,30.08,30.05,10,10,10,9,5,NA,0,NA,16,2016-07-19,646,366,486296.313,1328.67845081967
82,72,62,54,52,47,72,54,30,30.14,30.1,30.04,10,10,10,10,3,NA,0,NA,20,2016-07-20,647,434,460471.933,1060.99523732719
81,71,61,56,54,51,78,57,36,30.11,30.04,29.99,10,10,10,14,4,"18",0,NA,20,2016-07-21,648,492,568506.019999999,1155.5000406504
71,66,61,58,56,54,90,73,59,30.28,30.22,30.12,10,9,5,12,7,"20",0.21,"Rain",10,2016-07-22,649,320,311559.968,973.624899999999
75,66,60,55,53,49,78,64,41,30.28,30.24,30.19,10,10,10,8,4,NA,0,NA,15,2016-07-23,650,416,820135.414999999,1971.47936298077
80,68,57,54,52,51,81,58,38,30.19,30.09,30.01,10,10,10,12,4,"18",0,NA,23,2016-07-24,651,442,940107.693,2126.94048190045
84,73,62,58,56,53,75,56,35,30.08,30.04,30.01,10,10,10,10,3,NA,0,NA,22,2016-07-25,652,416,542967.31,1305.20987980769
79,70,60,57,56,53,83,69,42,30.18,30.13,30.08,10,10,10,8,4,NA,0,NA,19,2016-07-26,653,461,524428.99,1137.59
82,71,60,58,56,54,83,60,38,30.14,30.1,30.06,10,10,10,10,5,"17",0,NA,22,2016-07-27,654,461,578607.289,1255.11342516269
84,73,62,57,56,54,78,56,35,30.14,30.07,30,10,10,10,10,5,NA,0,NA,22,2016-07-28,655,459,620518.551,1351.89226797386
88,75,64,58,56,52,75,53,31,30.01,29.95,29.87,10,10,10,10,3,NA,0,NA,24,2016-07-29,656,430,649492.447,1510.44755116279
75,67,59,55,52,51,81,63,44,29.98,29.94,29.88,10,10,10,9,6,"18",0,NA,16,2016-07-30,657,409,766187.792,1873.31978484108
73,64,57,52,51,50,75,62,48,30.08,30.04,29.98,10,10,10,10,8,"20",0,NA,16,2016-07-31,658,389,779012.144999999,2002.60191516709
77,66,55,54,52,51,89,70,42,30.12,30.06,30,10,10,5,12,5,NA,0,NA,22,2016-08-01,659,463,620533.443,1340.24501727862
73,64,57,53,51,50,78,66,49,30.23,30.13,30.07,10,10,10,12,6,"17",0,NA,16,2016-08-02,660,395,429415.184,1087.12704810127
75,66,60,53,52,51,72,62,45,30.28,30.24,30.16,10,10,10,10,6,NA,0,NA,15,2016-08-03,661,412,459581.374,1115.48877184466
80,69,59,56,53,51,81,58,38,30.16,30.04,29.91,10,10,10,13,5,"21",0,NA,21,2016-08-04,662,439,455500.204,1037.58588610478
79,70,61,54,51,46,75,56,32,29.97,29.92,29.89,10,10,10,9,4,NA,0,NA,18,2016-08-05,663,520,680992.826,1309.60158846154
72,63,55,51,49,48,77,62,45,30.01,29.97,29.91,10,10,10,10,6,NA,0,NA,17,2016-08-06,664,379,746247.32,1968.99029023747
72,66,60,56,52,49,83,69,49,29.96,29.92,29.89,10,10,10,9,4,NA,0.03,"Rain",12,2016-08-07,665,328,667550.959,2035.21633841463
73,64,57,54,53,48,84,69,44,29.99,29.97,29.95,10,10,10,9,4,NA,0,NA,16,2016-08-08,666,431,464009.433,1076.58801160093
72,66,60,55,54,53,83,70,53,30.03,30.01,29.98,10,10,10,10,3,NA,0,NA,12,2016-08-09,667,428,522864.437,1221.64588084112
75,68,60,56,55,54,83,67,48,30.09,30.07,30.04,10,10,10,12,2,"17",0,NA,15,2016-08-10,668,504,616062.363,1222.34595833333
80,70,61,57,56,54,81,63,47,30.14,30.1,30.06,10,10,10,12,4,"20",0,NA,19,2016-08-11,669,490,675354.405000001,1378.27429591837
87,75,63,59,57,55,78,56,36,30.1,30.05,29.98,10,10,10,10,3,NA,0,NA,24,2016-08-12,670,463,725979.766,1567.99085529158
90,78,66,60,56,51,78,52,28,30.02,29.98,29.93,10,10,10,8,2,NA,0,NA,24,2016-08-13,671,466,1045978.516,2244.58909012876
82,71,60,54,52,44,78,51,25,30.04,30.01,29.96,10,10,10,10,4,NA,0,NA,22,2016-08-14,672,451,1034638.369,2294.09837915743
84,72,61,57,55,53,78,57,37,30.1,30.06,30.02,10,10,10,9,2,NA,0,NA,23,2016-08-15,673,408,564506.157,1383.59352205882
81,69,57,56,54,51,90,62,35,30.13,30.09,30.04,10,10,10,8,2,NA,0,NA,24,2016-08-16,674,422,444285.492,1052.80922274882
79,70,60,54,53,50,80,56,40,30.12,30.06,30,10,10,10,12,4,NA,0,NA,19,2016-08-17,675,430,472208.313,1098.15886744186
86,73,60,63,59,49,72,57,45,30.06,30,29.93,10,10,10,16,8,NA,0,NA,26,2016-08-18,676,528,628680.769,1190.68327462121
95,60,26,77,54,9,88,48,23,30.01,29.96,29.88,10,10,10,16,8,NA,0,NA,69,2016-08-19,677,407,421750.697,1036.2424987715
91,78,64,57,53,48,70,44,26,29.93,29.87,29.78,10,10,10,10,3,NA,0,NA,27,2016-08-20,678,426,843067.254,1979.03111267606
73,66,60,55,54,52,83,68,48,29.98,29.89,29.81,10,10,10,14,8,NA,0,NA,13,2016-08-21,679,345,574098.706000001,1664.05422028986
72,64,57,59,51,46,93,64,40,30.11,30.07,29.99,10,10,10,14,8,NA,0,NA,15,2016-08-22,680,439,460985.363,1050.08055353075
79,67,55,55,51,48,83,58,39,30.19,30.16,30.12,10,10,10,17,7,NA,0,NA,24,2016-08-23,681,412,444712.326,1079.39884951456
82,70,57,57,55,54,89,60,39,30.24,30.18,30.12,10,10,10,20,5,NA,0,NA,25,2016-08-24,682,446,492535.64,1104.34
93,77,61,59,54,50,81,51,22,30.14,30.05,29.94,10,10,10,14,4,NA,0,NA,32,2016-08-25,683,471,492442.109,1045.52464755839
88,74,60,57,52,45,82,45,22,29.96,29.89,29.79,10,10,10,10,4,NA,0,NA,28,2016-08-26,684,500,592286.835,1184.57367
72,66,61,57,54,50,81,65,46,30.01,29.88,29.77,10,10,10,16,9,NA,0,NA,11,2016-08-27,685,333,606829.532,1822.31090690691
75,68,59,54,52,50,80,65,44,30.09,30.06,30.01,10,10,10,12,9,NA,0,NA,16,2016-08-28,686,392,710717.139,1813.05392602041
81,68,55,55,53,50,89,65,39,30.08,30.02,29.95,10,10,6,9,4,NA,0,NA,26,2016-08-29,687,369,313713.44,850.171924119242
70,64,57,55,53,52,83,69,53,30.05,30.01,29.97,10,10,10,14,9,"18",0,NA,13,2016-08-30,688,375,329371.921,878.325122666666
71,65,59,61,56,52,90,77,63,29.99,29.97,29.96,10,10,8,14,8,NA,0,"Rain",12,2016-08-31,689,319,323366.046,1013.6866645768
